,Track Name,Artist,Count,Streams,Position,spotify_id
0,Shape of You,Ed Sheeran,122,9923,2,7qiZfU4dY1lWllzX7mPBI3
1,Caraluna,Bacilos,122,9939,75,7DhYjNLksXZhbRQeheAums
2,Me Rehúso,Danny Ocean,119,9685,2,6De0lHrwBfPfrhorm9q1Xl
3,Otra vez (feat. J Balvin),Zion & Lennox,116,9117,3,3QwBODjSEzelZyVjxPOHdq
4,Traicionera,Sebastian Yatra,108,9894,14,4Ft0391aLVNtCPPseh98lp
5,Te Mando Flores,Fonseca,105,9992,89,2in1gSZtv2lRbcZUmN9aAl
6,Amantes,Greeicy,104,64711,7,3IyPnNX142pvWx6D5CiimD
7,Robarte un Beso,Carlos Vives,104,61462,9,0JcNysfWVWaMS7R6vzGB2k
8,Déjala Que Vuelva (feat. Manuel Turizo),Piso 21,104,95863,2,1j6xOGusnyXq3l6IryKF3G
9,Perfect,Ed Sheeran,102,9943,58,0tgVpDi06FyKpA1z0VMD4v
10,No Hay Nadie Más,Sebastian Yatra,100,8257,16,0U8WdltGpu3OC0ma9yLmjX
11,Believer,Imagine Dragons,98,9992,91,0CcQNd8CINkwQfe1RDtGV6
12,La player (Bandolera),Zion & Lennox,95,67336,6,0VKkyBKCXyR99navhVRqcP
13,"Un Vino, Una Cerveza",Pedro Suárez-Vértiz,94,9979,133,5Q2J37xbIR60z6ifswoGKe
14,Te Amo,Piso 21,93,70089,5,2RVrdr062uLFxXwIxwdXPH
15,"Sola (Remix) [feat. Daddy Yankee, Wisin, Farruko, Zion & Lennox]",Anuel AA,91,9945,8,5q2JbCNi4FcnglgPfxcV65
16,Por Perro,Sebastian Yatra,91,83429,3,1XM5PgxjpYcF0JuE9nfUbS
17,Devuélveme a mi chica,Hombres G,91,9954,101,1Wrzhfa5bNlqvsnCztz190
18,Me Niego (feat. Ozuna & Wisin),Reik,91,9805,2,4ggiDYAkJ7Yk8d5xOr7Xjo
19,Te Boté - Remix,Nio Garcia,88,97109,1,3V8UKqhEK5zBkBb6d6ub8i
20,Sin Pijama,Becky G,88,98153,1,2ijef6ni2amuunRoKTlgww
21,Besos En Guerra,Morat,88,9932,72,1d0c62VFYauOOgxZ2eFUxx
22,Criminal,Natti Natasha,87,9494,3,6Za3190Sbw39BBC77WSS1C
23,No Es Justo,J Balvin,85,84150,3,1RTlTuLOdnmgbe11ynwR7c
24,Una Lady Como Tú,Manuel Turizo,85,9835,21,5jf0PmPCHefQ78uAzqIqbj
25,Como Mirarte,Sebastian Yatra,84,9999,60,0CXEPVeQDLgDBfvcsQpXq1
26,Me Llamas (feat. Maluma) - Remix,Piso 21,83,9817,13,5hEM0JchdVzQ5PwvSfITeX
27,A Ella,KAROL G,83,9962,83,1pkMzGqBBS10nDiiYrNGGJ
28,Duro y Suave,Leslie Grace,83,9058,17,31M5m42C3EGlbydf9XB5to
29,Cuando Nadie Ve,Morat,81,9684,43,1Cxd4ZJJ9VOQQpNcpdcZEQ
30,Más Fuerte,Greeicy,81,9911,52,10ei7ybZQsu9Zc7RfZFe2Q
31,La flaca,Jarabe De Palo,80,9980,110,2LsbizbOeNa4x6qsi2jAMb
32,Escápate Conmigo (feat. Ozuna),Wisin,79,9867,16,1KSqYYJFyfTecXFk9M0prc
33,Dembow,Danny Ocean,79,9895,10,2EzRdhuoPyNJDlep7lnNf2
34,Vaina Loca,Ozuna,78,98680,1,1s2B5cndbqK8rPJEIcKJRQ
35,Felices los 4,Maluma,76,9837,1,0qYTZCo5Bwh1nsUFGZP3zn
36,Échame La Culpa,Luis Fonsi,75,9984,2,0mlAOSILGRys2IbvyOT5VJ
37,Flaca,Andrés Calamaro,75,9938,145,1p7m9H4H8s0Y7SgRm7j3ED
38,Andas En Mi Cabeza,Chino & Nacho,75,9707,11,23WI5V2eD4EyGKxSl7Pyeq
39,Suena El Dembow,Joey Montana,75,9924,10,0woHVOh3KXLSDv8VU9XwZ4
40,Culpables,Manuel Turizo,74,52419,14,2zufEOvbBeIzYnRktwYk1W
41,Amárrame,Mon Laferte,74,9982,50,0u13src3QcditRU5VPduML
42,Cuando Te Besé,Becky G,73,98175,1,2XXMDz7SPZ4mSFN1PXfHUy
43,Esperándote,Manuel Turizo,73,9979,10,1nfyE13arjOuO54HH0zmqj
44,Creo en Ti,Reik,73,9870,124,0xXhgLXfEHnWJHVgRvFvdn
45,Ya No Tiene Novio,Sebastian Yatra,72,74213,10,7uQmJ1jgNzBpATSoWKSPFu
46,That's What I Like,Bruno Mars,72,9541,16,0KKkJNfGyhkQ5aFogxQAPU
47,Persiana Americana,Soda Stereo,71,9994,119,7JZP7kQsuFFWOrtAI7uNiW
48,La Bicicleta,Carlos Vives,71,9992,9,0Gx4VrHzS7pZOEAGrmXXBH
49,The Scientist,Coldplay,71,9974,117,75JFxkI2RXiU7L9VXzMkle
50,En El Muelle De San Blas,Maná,69,9985,106,0mvocLIWUnT10znvIXwHGr
51,Amigos Con Derechos,Reik,69,94353,4,2zDj4WjbNDmrRL6Z4YjjCA
52,Me Vas A Extrañar,N'Samble,68,9510,54,0SVlCv4gOgWohAdBZMBu3v
53,"1, 2, 3 (feat. Jason Derulo & De La Ghetto)",Sofia Reyes,68,9927,12,4QtiVmuA88tPQiCOHZuQ5b
54,We Don't Talk Anymore,Charlie Puth,67,9877,30,68EMU2RD1ECNeOeJ5qAXCV
55,Puntos Suspensivos,Piso 21,67,55313,20,04cd1MHVq1D8v1nuTZoCdv
56,Vivo Pensando En Ti (feat. Maluma),Felipe Peláez,67,9937,27,0H7cz1bR7w9PulJL7Na774
57,Báilame - Remix,Nacho,67,9852,7,3VClLWqNn80Llv0PJOsKgr
58,Tu Falta De Querer,Mon Laferte,67,9959,38,4skuEIloXWuxxgekKupkEH
59,Culpables,KAROL G,67,9990,4,4RGKft6YTTWHjpQeRIInuS
60,Bella y Sensual,Romeo Santos,66,9990,17,0ERbK7qVqveCaBWIiYCrl3
61,I Like It,Cardi B,66,9718,14,58q2HKrzhC3ozto2nDdN4z
62,Hipócrita,Anuel AA,65,7851,22,4CbANooTL2aTHzJZqQ0Uvk
63,X,Nicky Jam,65,9950,1,39N9RPD9MRb5WmoLzNzPeA
64,Let Me Love You,DJ Snake,64,9868,7,0lYBSQXN6rCTvUZvg9S0lU
65,Desconocidos,Mau y Ricky,64,98809,3,0s5DNDV6LAKn2u2Ufa3VjQ
66,Se Preparó,Ozuna,64,9702,5,1m69ELEgE6k5ZWsap40ozt
67,New Rules,Dua Lipa,64,9984,35,2ekn2ttSfGqwhhate0LSR0
68,Ella Y Yo - Featuring Don Omar,Aventura,64,9880,143,6G4U9avyBNEfP0fAIduev3
69,Serenata,Mike Bahía,64,9620,45,0Ek2vjTPwy3fXKQnsXy8MH
70,MIA (feat. Drake),Bad Bunny,64,98509,2,116H0KvKr2Zl4RPuVBruDO
71,Ni Gucci Ni Prada,Kenny Man,64,9135,53,32lexhcz93AinKK0qLTZaZ
72,IDGAF,Dua Lipa,63,9991,50,76cy1WJvNGJTj78UqeA5zr
73,Imposible,Luis Fonsi,63,83127,13,3ao3OVxHlb3C08vAaApUlm
74,Faded,Alan Walker,63,9521,83,698ItKASDavgwZ3WjaWjtz
75,"Diles (feat. Arcangel, Nengo Flow, Dj Luian & Mambo Kings)",Ozuna,63,9797,29,2FrnTVSHjgnEylKGdHRUK1
76,Dura,Daddy Yankee,62,9978,1,2j2fIJGh4PMdXt9ULI5Tlc
77,Ella Quiere Beber - Remix,Anuel AA,61,99251,3,2cYnZNzFRFK0H7vSNxPsUq
78,Créeme,KAROL G,61,95182,9,1mT47pKLXUwPYGwB91GcNz
79,Reggaetón Lento (Bailemos),CNCO,61,9749,1,3AEZUABDXNtecAOSC1qTfo
80,Calma - Remix,Pedro Capó,61,94676,1,5iwz1NiezX7WWjnCgY5TH4
81,Cuando Acaba el Placer,Los 4,61,9920,38,6Nfxc11h4ix0HBprB9Rj6L
82,No Me Acuerdo,Thalía,61,9949,6,00EPIEnX1JFjff8sC6bccd
83,Adan y Eva,Paulo Londra,60,96384,1,132ALUzVLmqYB4UsBj5qD6
84,Sola,Manuel Turizo,60,9639,25,0KHhNlHN5lWn7q332PiPys
85,Lamento Boliviano,Los Enanitos Verdes,60,9897,111,6Pur3hWy6Nzc27ilmsp5HA
86,Probablemente,Daniela Darcourt,60,8846,26,0tfAVc0HSvma3RnVjerrky
87,Adictiva,Daddy Yankee,60,96408,6,6MJUCumnQsQEKbCy28tbCP
88,Ahora Dice,Chris Jeday,60,9979,4,22eADXu8DfOAUEDw4vU8qy
89,Justicia,Silvestre Dangond,60,9955,45,6ipp8Dhs33KinlF4BStgca
90,Sensualidad,Bad Bunny,60,9451,4,5hcisvFMidkMJlElTO9Qmw
91,Tienes La Magia,Lil Silvio & El Vega,59,9821,17,0fyx2JEi8DCNPinj46NjDg
92,Adiós Amor,Daniela Darcourt,59,9891,18,2ozv99MuHIaE4DZIzAr59q
93,A Partir De Hoy,David Bisbal,58,9953,35,1FMNuRMIcPD6PDQGoi5Ifn
94,Bella,Wolfine,58,9904,5,3xcCix7Jv1Rp90YVmgo35D
95,Solita,Ozuna,58,9664,12,7rwX0O3RlxqqIjQM8evm5E
96,Girls Like You (feat. Cardi B),Maroon 5,58,9870,49,6FRLCMO5TUHTexlWo8ym1W
97,Reggaeton,J Balvin,57,78817,12,2D3z17LBMJ2HEHeBFFjTLi
98,Déjalo,Nacho,57,46691,28,3fyzx4Og54r8zCW9Nu8qwi
99,Downtown,Anitta,57,9972,6,3Ga6eKrUFf12ouh9Yw3v2D
100,Esta Noche,Mike Bahía,57,30409,41,4vhkI8x68EaGQR3Kn7Pwhc
101,Eres Mi Sueño - Salsa,Carlo Supo,57,9894,68,1clLBqIma442MQQ9FMaaCu
102,Bubalu,Becky G,56,9945,6,7dNwJbsT0sg1le5kVugGJb
103,Mala Mía,Maluma,56,80852,4,62o8KoI44JfN7aYxgTnPvh
104,Ahora Te Puedes Marchar,Luis Miguel,56,9988,51,1uKjQoh8JZj9ryuYRhpd7E
105,Síguelo Bailando,Ozuna,56,9953,7,5Y9fnynLlIvqtM710MHzfz
106,Amanece,Anuel AA,55,98592,5,1LiN0Z98FkR1t0m8KmLcAH
107,Vuelve,Sebastian Yatra,55,9992,71,3wGRfBDRNQb0nFDFrUPvq6
108,Colgando en tus manos (con Marta Sánchez),Carlos Baute,55,9908,137,3UI9I3e1g1y5T3SMfdgfGO
109,Mayores,Becky G,55,9437,8,7JNh1cfm0eXjqFVOzKLyau
110,Te Vi,Piso 21,55,99137,2,059bcIhyc2SBwm6sw2AZzd
111,Que Va,Alex Sensation,54,9919,11,6J1R5wtPXiHiwiPstOSI56
112,One Kiss (with Dua Lipa),Calvin Harris,54,9842,55,7ef4DlsgrMEH11cDZd32M6
113,Chica Paranormal,Paulo Londra,54,9835,15,2r77vqSZkOktTSgmAOoHsV
114,Baby,Amenazzy,53,9013,16,2IA8cFA46DkjgbsRG7kKbp
115,BEBE,6ix9ine,52,90558,6,4KkUjFkcQvGvWekl8RATDn
116,Corazón (feat. Nego do Borel),Maluma,52,9728,18,5cepAtqnEQ6yVG6088zMMu
117,Si Tú La Ves (feat. Wisin),Nicky Jam,52,9810,19,4yN6xPLopmTLvc27pO9LIE
118,El Farsante - Remix,Ozuna,52,9660,17,7uYgVgRSgqluZclLS7wpp4
119,Quiere Beber,Anuel AA,52,9573,11,0FDMH2ahuIVzCybwHJK9zh
120,Hey DJ,CNCO,51,9363,6,1XgpK29CGGjZnxPYkiRbh4
121,Pineapple,KAROL G,51,9596,11,24SkzbH7hGhUvqIaKlJ1TY
122,Dura - Remix,Daddy Yankee,51,9884,4,6U2NuJILEOEpW2tVCuqKHb
123,Ibiza,Ozuna,50,9978,26,1h9P5WJwyvK8OB7O2YiXgp
124,Secreto,Anuel AA,50,98903,1,5W83ErFkO3aKAIS1WMi6u0
125,El Clavo (feat. Maluma) - Remix,Prince Royce,50,9850,27,6bI00brFpeprqCDqKouEJS
126,A Solas - Remix,Lunay,50,36959,38,1fXEkSum1vbTa3w0yvYzYW
127,Un Año,Sebastian Yatra,50,89239,9,2vrpcQNg6itmgVZWsNjWe0
128,"Ay Mi Dios (feat. Pitbull, Yandel & Chacal)",IAmChino,49,9344,5,6stYbAJgTszHAHZMPxWWCY
129,PPP,Kevin Roldan,49,9969,16,1DcxnVNFAyVl2sDQ646pXS
130,Perderme Contigo,Bacilos,49,9975,117,7mHFWWfVlhqGjeIQ5qt9i2
131,Con Calma,Daddy Yankee,49,94511,1,5w9c2J52mkdntKOmRLeM2m
132,No Te Vas,Nacho,49,9931,14,21Dt0T82tst15r3HCIM2Ku
133,Nena Maldición (feat. Lenny Tavárez),Paulo Londra,48,35434,35,2aMVyJSuDFFL1sTjJnvk7X
134,Clandestino,Shakira,48,9545,11,7DrluKkTviBwCc8AV3VGmf
135,Pa Olvidarte (feat. Manuel Turizo) - Remix,ChocQuibTown,48,58251,17,2ktoFujjJtantyMoVdBJlX
136,Mi Cama - Remix,KAROL G,48,9978,15,38QmUDpkoYlNbMKvpvAsrE
137,El Préstamo,Maluma,47,9648,9,0QS5rZpm5zN9wV9lJgjyUE
138,Mi Mala - Remix,Mau y Ricky,47,9815,34,6kOHug1s9Nd5gsHrX8irs2
139,Despacito (Featuring Daddy Yankee),Luis Fonsi,46,9832,1,4aWmUDTfIPGksMNLV2rQP2
140,Yo No Sé Mañana (salsa),Luis Enrique,46,9892,153,1nZziTuPRwCfJe1XvVC760
141,Amame una Vez Más,Los 4,46,9685,56,57980zgvkuP2LdDpF4UFp6
142,Cásate Conmigo,Silvestre Dangond,46,9908,38,6f4UPdDBQONKJBRqwZGjaJ
143,Esclavo de Tus Besos,Manuel Turizo,46,64602,16,0WpwK09agFbwEUaNrGnXoe
144,Bohemian Rhapsody - 2011 Mix,Queen,46,9977,21,4u7EnebtmKWzUH433cf5Qv
145,Asesina - Remix,Brytiago,46,57340,19,59PYgzOiOjGDzjDT5N5oOX
146,Loca Remix,KHEA,46,9782,35,2CRbiMK0W14l71SpDKqKZM
147,Aullando,Wisin & Yandel,46,51561,23,7BuHdm4lQqcyG3qTwdkxus
148,Pa Mí - Remix,Dalex,46,99761,1,224EVTFiLsdQignUFLvDeH
149,Señor Mentira,Daniela Darcourt,46,55650,18,1euUy5iIipadV7jrHQRiYE
150,Madura (feat. Bad Bunny),Cosculluela,46,9394,10,0r9d60ZYPAlFHq8qnUtkXN
151,Epa Wei,Danny Ocean,46,9980,37,2QmsKag0YaqhAbpR9Nwmpn
152,SUTRA,Sebastian Yatra,46,9531,9,0lTYnxJdC68v0oXd5xolxY
153,Tu De Que Vas,Los 4,45,9878,98,0erGyP3ccj9BUn64fLuSP4
154,Mamita,CNCO,45,9820,30,5ojXuKXBYq0apcNucYSDXq
155,Thinking out Loud,Ed Sheeran,45,9891,59,1Slwb6dOYkBlWal1PGtnNg
156,Nena Maldicion (feat. Lenny Tavarez),Paulo Londra,44,9375,14,3TnhQSRwT3AVMdXw5JPq0x
157,Déjate Querer,Lalo Ebratt,44,48221,27,3mN2DtljBhnrIpc3Nu2pJ8
158,No Lie,Sean Paul,44,9440,120,3cFsmM51N5zMAuu1nNY4Tw
159,HP,Maluma,44,98738,3,1LIqNVhaIgxXUt2eVoIQJ3
160,Perro Fiel (feat. Nicky Jam),Shakira,43,9855,12,70lnL3QaSOIIyMa2X9aVRL
161,Faldita,Leslie Shaw,43,70570,14,1R5nCcASgTubHzMx2Ic5UU
162,X - Remix,Nicky Jam,43,9967,7,6JjPBQfI2Y8nIjnm65X6Pw
163,"Taki Taki (with Selena Gomez, Ozuna & Cardi B)",DJ Snake,43,95735,1,4w8niZpiMy6qz1mntFA5uM
164,Dancin (feat. Luvli) - Krono Remix,Aaron Smith,43,9550,72,6WkJ2OK163XXS2oARUC9JM
165,Quiero Repetir,Ozuna,42,9822,22,0MIcPSq9n2z5H8TAfEstri
166,7 rings,Ariana Grande,42,50883,24,14msK75pk3pA33pzPVNtBF
167,Besándote,Piso 21,42,9983,30,13X0XdLMOdtbXVtAj2ox4h
168,La Incondicional,Luis Miguel,42,9970,52,6F9yAYUaNbUhdlQyt5uZ3b
169,El Amante,Nicky Jam,42,9711,2,3umS4y3uQDkqekNjVpiRUs
170,Si Se Da,Myke Towers,42,48856,26,5KbBGUpIZd6gVFUU8tqYiQ
171,Destino,Greeicy,42,61311,18,041Kcvnw8nOdq8xiRibPTG
172,Mi Gente,J Balvin,42,9974,26,2rb5MvYT7ZIxbKW5hfcHx8
173,Amorfoda,Bad Bunny,42,9950,1,3ITvHA9zhZZdBJsOsAUegF
174,Borro Cassette,Maluma,41,9880,32,6DUdDIRgLqCGq1DwkNWQTN
175,Cristina,Sebastian Yatra,41,70362,15,1Kjer1JoWuJGNwGV6Pbgv1
176,Swing,Danny Ocean,41,38570,35,4DbhxwlkhTbCTqlZptxmI6
177,Te Robaré,Nicky Jam,41,78551,10,4PJ3umtW1aWdfh5EITHc6T
178,Happier,Marshmello,41,9823,62,2dpaYNEQHiRxtZbfNsse99
179,Que Le De,Rauw Alejandro,41,43242,32,08aYFNUTIOMGq93e2VSArQ
180,Solita,Sech,41,26150,54,0tJCo71s7HT9Mu5Z4juuLw
181,Verte Ir,DJ Luian,40,97652,3,4lzxJ4jCuFDXXGkE1LmpKR
182,Vacaciones,Wisin,40,9931,11,1rXojdsUqqxGj2WCmJGWHP
183,Déjate Llevar,Juan Magán,40,9564,17,3xWEI23MLJrD0dpDcDUTW6
184,Por Pura Curiosidad,Fonseca,40,9290,56,1kLTaKK1qbtGuxggUtz8iz
185,La Rompe Corazones,Daddy Yankee,40,9948,6,4okba5wu9mMLXx79DXLKi3
186,No Te Vayas,Camilo,40,47234,29,4k9byIhs9ppbYWE22waJMB
187,Con Altura,ROSALÍA,40,86024,9,2qG5sZ7Si6sdK74qLxedYM
188,Vente Pa' Ca,Ricky Martin,40,9844,5,4UPsjy5l0HNMy9c3oatPt3
189,En algún lugar,Duncan Dhu,40,9901,127,3UIENhLRdFIOuRan92cAQu
190,Zum Zum,Daddy Yankee,39,8974,31,7lEhOiFtcLXY4P7cuTKuQ8
191,bad guy,Billie Eilish,39,20331,67,2Fxmhks0bxGSBdJ92vM42m
192,Unica,Ozuna,39,9826,15,33b2wX9d0kxqxhi7lcsC1A
193,Bella - Remix,Wolfine,39,9672,10,0SaYeGhSXN0dDWstyNTQ56
194,Sobredosis (feat. Ozuna),Romeo Santos,39,9983,101,1WbXIpiGBJkCiv3hn40iPB
195,24K Magic,Bruno Mars,39,9631,10,6b8Be6ljOzmkOmFslEb23P
196,Tal Vez,Paulo Londra,39,95050,5,46lvmzK8wxAy66tjzXXSh0
197,Calypso,Luis Fonsi,39,9637,38,2u7tDWQ6LX0Kw1LiK1jaok
198,Chantaje (feat. Maluma),Shakira,38,9508,2,6mICuAdrwEjh6Y6lroV2Kg
199,Quédate Aquí,Mike Bahía,38,9982,84,40BHOcBhBU6InTXea4VRAK
200,La Modelo,Ozuna,38,9857,73,2SbzdGpOKlH3HIAGTWTbwU
201,Por Hacerme el Bueno,Bacilos,38,9740,69,1iEIQ69PuAM76GCBT9HCek
202,Me Voy,Rombai,37,9569,60,22sESxzbY1O1E19xjOTaYf
203,Loca (feat. Cali y El Dandee),Maite Perroni,37,9957,44,05ZXXyeZFhZtA6DAP3Aw7x
204,One Dance,Drake,37,8262,17,1xznGGDReH1oQq0xzbwXa3
205,Otro Trago,Sech,37,91298,1,1Ej96GIBCTvgH7tNX1r3qr
206,Que Mas Pues - Remix,Justin Quiles,37,99975,5,7fODjB7BrQTGqh0hogW6XD
207,La Mujer Perfecta,KURT,37,9651,124,0mAGeks6ns4FZWBPkjD9HR
208,Loco Enamorado,Abraham Mateo,37,9187,22,4N1c5rmWOzRmB9SMacr5wB
209,Imitadora,Romeo Santos,37,9789,65,6r46lnXFbE9fr2d3KNaGbe
210,Baila Baila Baila - Remix,Ozuna,36,70335,14,7mWFF4gPADjTQjC97CgFVt
211,Por Fin Te Encontré,Cali Y El Dandee,36,9990,60,3GpvoKKWZyTwgbLEM9RmWM
212,Tonta,R.K.M & Ken-Y,36,9667,73,5ZjJT7BB8OoVjyRZRYGen8
213,Ambiente,J Balvin,36,9924,18,4N9V7YYPoN4DoSnjjfHW1k
214,No Te Contaron Mal,You Salsa,36,35361,47,62vIBUC9hTfE4nlT3x90uH
215,Estamos Bien,Bad Bunny,36,9808,28,2OWVCFTolecLiGZPquvWvT
216,Marinero,Maluma,36,9896,24,0IEUbDOzcwi6Ju1ZAJ23rk
217,Miss Lonely - Dimelo Flow Remix,Sech,36,9948,71,1ndlOUUT3Eq1SDCSdKJASw
218,Alguien Robo,Sebastian Yatra,36,9782,22,0pQoNBSZeRFuhLVH8gCVDT
219,Date La Vuelta,Luis Fonsi,35,30192,52,5lwVd35Zg6DJ4qibVMq99H
220,No Quiero Amarte (feat. Zion & Lennox),Justin Quiles,35,9816,29,5bITfqKGaPakO1l99hOMsI
221,100 Años,Ha*Ash,35,9978,94,4gJzpOMYyOpVnbDXlT5aWL
222,3 A.M.,Jesse & Joy,35,9253,24,0yyZN5ASdrYu0XYWFzfxUu
223,Ocean,KAROL G,35,22757,63,6qoIFQfdmaQF9A1gb67tR7
224,No Lo Trates,Pitbull,35,39412,34,4gqMVEJSaL5nNeKj5WmVoT
225,La Boca,Mau y Ricky,35,64867,15,0UQwlF2pRkr1lMN6kNNUj3
226,I Don't Care (with Justin Bieber),Ed Sheeran,34,40542,35,0hVXuCcriWRGvwMV1r5Yn9
227,Baila Baila Baila,Ozuna,34,9908,11,7uH27oIt4a6cIFCA8ZPcyG
228,Havana (feat. Young Thug),Camila Cabello,34,9797,28,1rfofaqEpACxVEHIZBJe6W
229,Cristina (feat. Shelow Shaq),Maffio,34,63241,17,2egI1hFZDAYrkCgtepoore
230,Soy Peor,Bad Bunny,34,9554,22,5MT96Zz0ymUJNm8obKZQr0
231,Mala y Peligrosa (feat. Bad Bunny),Víctor Manuelle,34,9190,17,0afpbPmRHldjP59YRslQz9
232,Cuaderno,Dalex,34,79567,11,7anSoGdgtmJTAPZBzcPhO6
233,Como Antes (feat. Wisin),Yandel,34,9942,24,5YzA563GXTuwQaRq24z1k5
234,EL BAÑO (feat. Bad Bunny),Enrique Iglesias,33,9269,7,2vvdTrdryjsl8DmPIMDWZU
235,Bipolar,Chris Jeday,33,9817,50,4WzsycqZkpkS48H9AAAGux
236,No Me Conoce - Remix,Jhay Cortez,33,98430,2,4R8BJggjosTswLxtkw8V7P
237,La Gozadera,Gente De Zona,33,9447,40,0OMRAvrtLWE2TvcXorRiB9
238,Mocca - Remix,Lalo Ebratt,33,9904,43,1usoXi4f0BnMART4uActEA
239,"thank u, next",Ariana Grande,33,9816,18,2rPE9A1vEgShuZxxzR2tZH
240,11 PM,Maluma,33,92752,9,7KbF6AdprOXEEHlsq11Z6d
241,La Playa,Myke Towers,33,21880,75,0jeS8PyyIRAG0A3t5DtL71
242,Tanta Falta,Bryant Myers,33,9987,42,0sPTfDSZgE3KvcvqaKPtEx
243,Un Poquito,Diego Torres,33,9877,106,5pH8g37XIkQej0AnlfQgNS
244,La Lá,Mike Bahía,33,28944,52,1MYMEtHi6fmmGiDFLrBiY3
245,Solo de Mi,Bad Bunny,32,9827,22,4uP3pUP18ennmz0tb3GphR
246,God's Plan,Drake,32,9794,57,2VWbHHhWnMzKWPUs4IEEW9
247,Es Por Tí,Juanes,32,9351,139,1TUrIxj0I1iBgVzVPZ2A9p
248,Por Eso Vine,Paulo Londra,32,36571,40,5qN1G8fSHq4Sv5FRoOkNGu
249,Punto G,KAROL G,32,9911,22,2E82gORVSA7UMEz5M1IP3b
250,NI BIEN NI MAL,Bad Bunny,32,9841,29,278kSqsZIiYp8p3QjYAqa8
251,Historia entre tus dedos,Los 4,32,9981,109,1azNmWAecfKNw0efhKkzNM
252,Como Se Perdona,You Salsa,32,9976,100,0rZlPXF9Kx92ySiY237rsN
253,Contra La Pared,Sean Paul,32,33778,43,37eGbhE1xVFSvcKkqGb6i1
254,Attention,Charlie Puth,32,9851,53,4iLqG9SeJSnt0cSPICSjxv
255,Mi Cama,KAROL G,32,9729,4,3fFMAZtSAK5YQ3Zdl3EE4Q
256,Bonita,J Balvin,32,9455,23,0atfY1ew83Ql9nNnJiD2t5
257,Asesina,Brytiago,31,9398,15,2QgWkYJqvjzsAd8Sh8HlH7
258,Callaita,Bad Bunny,31,99463,1,2TH65lNHgvLxCKXM3apjxI
259,Sigo Extrañándote,J Balvin,31,9605,11,0k23rRi1B8ZHrKtzECGoyk
260,Aleluya,Reik,31,25967,56,23CsjGOYDQiJpX44BSn9TM
261,Amantes de una Noche,Natti Natasha,31,9079,34,2iCOdoyDmWG3hWkbtH1KB2
262,22,TINI,31,15921,99,07L6tEZIfCX3GZAWCpGj0e
263,Safari,J Balvin,31,8530,4,456xBIOmLRoLzCvCzZrWge
264,Dile la Verdad,The Rudeboyz,31,54374,21,6qP73DRFGojLuIk1siIhNE
265,Scared to Be Lonely,Martin Garrix,30,9928,46,0KR2W3St74th8z3LS94Ffh
266,Brindemos,Anuel AA,30,9311,65,7LeQ55Z5jPBB0ggYJtAiYO
267,Chambea,Bad Bunny,30,9996,45,6ElmxV9B2mSNscEjP27M7i
268,Ya Me Enteré (feat. Nicky Jam) - Urban Version,Reik,30,7155,35,2SSYqDX8KTgy01NlqtUo0F
269,PPP - Remix,Kevin Roldan,30,9822,33,3jOn1ZdPldABfKQY4JBhov
270,Vuelve,Daddy Yankee,30,8392,15,0gCPvo1GkbtPhMqg5Gbx1K
271,Qué Más Pues,Sech,30,9910,64,5O3cRP4ZHC9vvVIHtET1f0
272,Toda - Remix,Alex Rose,30,9848,20,0QFTjMGHWo7joBA5CUlIpd
273,Ta To Gucci (Remix),Cauty,30,9988,53,7kuRvjpeUcn6qNV9IBXC2C
274,Another One Bites The Dust - Remastered 2011,Queen,30,9659,39,5vdp5UmvTsnMEMESIF2Ym7
275,Sirena,Cali Y El Dandee,30,9912,68,1juHIWqgFiDFAKuEBP24Lt
276,Dimelo,Paulo Londra,30,22530,51,3uwehoqKSQLa5lFFvIX6M3
277,Casualidad,Nacho,30,9914,60,08rwXPBZ2DHOwnL7xaz044
278,Condenado Para el Millon,Paulo Londra,30,9829,90,5UjhWsB5rddZEPlNUcGDLV
279,Amigos No Por Favor,Bembe Orquesta,29,9803,52,0FSuo71145fPvjrnjkwIU8
280,Está Rico,Marc Anthony,29,9995,38,2wRkBumdItthjYP9XknImg
281,Soltera - Remix,Lunay,29,96349,2,1c0hsvHLELX6y8qymnpLKL
282,Oh Daddy,Natti Natasha,29,24577,57,2jOhhdNkBc94SfAcrg5Z28
283,Dile Que Tu Me Quieres,Ozuna,29,8547,15,20ZAJdsKB5IGbGj4ilRt2o
284,Wonderwall - Remastered,Oasis,29,8362,161,5qqabIl2vWzo9ApSC317sa
285,En Cero,Yandel,29,31145,49,51uLQESb4VnYAbs5WtGxho
286,When I Was Your Man,Bruno Mars,29,9574,96,0B7wvvmu9EISAwZnOpjhNI
287,Clavado En Un Bar,Maná,29,9726,152,78DVpEWwmJFC25KGz8fJuE
288,Soltera,Lunay,29,9533,29,4T4CZ3Q4z3GG7lU720YYhM
289,Me Tiene Mal,Paulo Londra,29,9492,120,5BHiSQqlKWKoSmASzJTrVg
290,Si Tu Novio Te Deja Sola,J Balvin,28,9777,22,0RFFFGtPn6a58RHY3ccVYX
291,Runaway,Sebastian Yatra,28,91445,6,7BuSE9uTIw931wtZYzvZcQ
292,Cúrame (feat. Manuel Turizo),Prince Royce,28,43724,30,6rXxAohZzTDsP5KT3IDFIU
293,Señorita,Shawn Mendes,28,83225,11,0TK2YIli7K1leLovkQiNik
294,Baby Girl (feat. Lalo Ebratt),Mario Bautista,28,9833,62,6o8ogTrSX8H0F66Pdz3Tsc
295,Simples Corazones,Fonseca,28,9997,63,13vkcX5tmzimIS5Hr17ZJ1
296,Presiento,Morat,28,21787,64,2V4hc5gplg7EXlrRUvD4rp
297,Bum Bum Tam Tam,MC Fioti,28,8317,26,4zWO4gvuFtw6EJZC5FFGlr
298,Celoso,Lele Pons,28,9882,30,33zcmmElV1YbRZe57biUjg
299,Desde Esa Noche,Thalía,28,7940,22,1pWYnQIlqxTh5bxuPmTG4E
300,Llegaste Tú,CNCO,27,9475,53,6tT4Ks1N04Ut0lSQ3xjSaZ
301,I Feel It Coming,The Weeknd,27,7561,32,5GXAXm5YOmYT0kL5jHvYBt
302,Si Supieras,Daddy Yankee,27,47525,28,7MRU4vOkywuhZ9kbFiPuiu
303,Photograph,Ed Sheeran,27,9457,66,6fxVffaTuwjgEk5h9QyRjy
304,Baila Conmigo (feat. Kelly Ruiz),Dayvi,27,9595,33,4Clmg1g8n2yBYG13Z1oSdG
305,La Muralla Verde,Los Enanitos Verdes,27,9440,144,1qvY1z3Wm3sAYeHfPTnrbI
306,QUE PRETENDES,J Balvin,27,99787,7,25ZAibhr3bdlMCLmubZDVt
307,LA CANCIÓN,J Balvin,27,99517,2,0fea68AdmYNygeTGI4RC18
308,¿Cual es tu plan?,Bad Bunny,27,9391,50,4HRDBtek0ayfLQ6uc7rjO9
309,Devuélveme El Corazón,Sebastian Yatra,27,9265,121,2uWg6P3lEsS1qQ2qg11TUx
310,UN PESO,J Balvin,27,44297,31,7hynhxDoDpgMIV12JuVtNa
311,Me Gusta,Natti Natasha,27,9236,68,1N3rf6ZFzb8NPYeLCmgzj7
312,Closer (feat. Halsey),The Chainsmokers,26,9922,13,7BKLCZ1jbUBVqRi2FVlTVw
313,Sácala a Bailar,Gian Marco,26,9958,83,25qU7UPwnrWJ4cfnwbrboq
314,Perfect Duet (Ed Sheeran & Beyoncé),Ed Sheeran,26,9845,72,1bhUWB0zJMIKr9yVPrkEuI
315,Latina (feat. Maluma),Reykon,26,22171,64,00Ia46AgCNfnXjzgH8PIKH
316,Tú Y Yo (feat. Nicky Jam & Justin Quiles),Valentino,26,8967,66,58smOywZbVu8AjWutppiQA
317,Una Vida Para Recordar,Piso 21,26,58333,18,7pxL0DzPpCjjcdfQccvnus
318,A Esa,Daniela Darcourt,26,9552,64,1YUzhPvqSBi3829mR6E4Fl
319,Deja vu,Prince Royce,26,9828,21,46HdsiK0uR26B2dY9QPzda
320,Rebota,Guaynaa,26,35638,44,2YRvdf9cdS88y1wB1WhKoE
321,Vivir Bailando,Silvestre Dangond,26,9782,97,7gL0eIncXB5ELO8BFMR3Uv
322,Ponle,Rvssian,25,9664,62,28O1p0bQXH2F6Qn8jBZZR4
323,Olha A Explosão,MC Kevinho,25,9991,40,6Q4foUefrAyCt8VxJFML56
324,Delincuente,Farruko,25,9785,63,3TqLIW3qd4qFYkfYsBjVN6
325,Lo Que Tengo Yo,Los 4,25,8781,57,3zkYHtMYq0DyNSdiujEgcz
326,El Clavo,Prince Royce,25,9752,22,0LKErfBZ5FbBiLB4OcZRbL
327,Hola,Zion & Lennox,25,9103,51,2dYJKHEqAUTCk2U9zntaS1
328,Rebota - Remix,Guaynaa,25,42380,33,3dWpRjCmaHbroNahuSeX11
329,Rockabye (feat. Sean Paul & Anne-Marie),Clean Bandit,25,7415,23,5knuzwU65gJK7IF5yJsuaW
330,FRIENDS,Marshmello,25,9883,64,08bNPGLD8AhKpnnERrAc6G
331,"Loca (feat. Duki, Cazzu)",KHEA,25,9346,66,0vnrhysrKKRdNYFKLAGzRc
332,Si Estuviésemos Juntos,Bad Bunny,25,9118,71,35wvL50xvKpCHEJPxLOLPI
333,La Vida Sin Ti,Piso 21,24,9302,31,1RvL7eHoeUolnQbWm2Hnba
334,Diabla - Official Remix,Farruko,24,9017,114,2OxUtaKYeahAGNaBiahXtR
335,Solo Pienso En Ti (feat. De La Ghetto & Justin Quiles),Paulo Londra,24,45150,31,3H9GDhVVTlmFQSmpt51qiP
336,DOLLAR,Becky G,24,9964,58,2uhMYJq2TODWBuZhHRrdWy
337,GPS,Maluma,24,9502,55,3t6j6WNv2OSn6qm5Vxynub
338,Besame,Valentino,24,9377,31,7Ckhk1XW5NV2k4jpqtQNlz
339,Booty,C. Tangana,24,9124,72,4W3FJapn5CD6Fnrlfj4HFe
340,Forever Alone,Paulo Londra,24,9720,28,4b2V2ZuTYELubat4l5qZaE
341,China,Anuel AA,24,64643,1,2ksOAxtIxY8yElEWw8RhgK
342,Todo Comienza en la Disco,Wisin,24,9487,51,3a2aBKuvgP1qHo3BqU3lGh
343,La Boca - Remix,Mau y Ricky,24,67214,18,2EEmzqzM70CybVspgM7YRT
344,Havana - Remix,Camila Cabello,24,8828,20,3whrwq4DtvucphBPUogRuJ
345,Nadie,Farruko,24,22430,60,0REjFxlMJRQxPqWSdmXiAT
346,Otro Trago - Remix,Sech,23,95950,2,4bTZeO72FwMa6wKOiqoynL
347,Reggaetón en lo Oscuro,Wisin & Yandel,23,9942,40,3aUTkuo4ObA6QPtZSu5NBq
348,No Te Hagas,Jory Boy,23,9876,57,5hKjEpYrJIJs6uPl7zw6Y6
349,Finesse - Remix; feat. Cardi B,Bruno Mars,23,9910,64,3Vo4wInECJQuz9BIBMOu8i
350,Domingo (feat. Cosculluela),Reykon,23,9969,83,6ayCEojiJIe5d8DwXVlGU4
351,Ahora,J Balvin,23,9603,20,2yBWnRKj0Zx7AF1kufajvW
352,Dime Si Te Acuerdas,Bad Bunny,23,9918,49,49VSioK272TASR4r9vRTuP
353,Loco Contigo (feat. J. Balvin & Tyga),DJ Snake,23,54882,26,6osaMSJh9NguagEDQcZaKx
354,Luz Apaga,Ozuna,23,8235,49,5Q3e16qE1RE5oilN3ukasm
355,El Farsante,Ozuna,23,9930,36,5EId1m4DNwTf3at31w8bPJ
356,Procura,ChiChi Peralta,23,9634,134,2q9udNV9NK0BL3q9p6TLxf
357,La Respuesta,Becky G,23,8997,59,2fOjendzUzepHwR9QrVyYF
358,Ya Me Enteré,Reik,23,9305,80,0lPXFrKyl8HkdQ2E6NmNja
359,Explícale (feat. Bad Bunny),Yandel,23,9897,30,1LszjjoVwDDZcWUQbzeDLG
360,Báilame,Nacho,23,9774,15,7lRsNbdOGykkMAgsqs4R1C
361,La Cartera,Farruko,23,19487,75,1g2Z2lOrwayOzDqOc8EfbR
362,"Escápate Conmigo (feat. Ozuna, Bad Bunny, De La Ghetto, Arcángel, Noriel & Almighty) - Remix",Wisin,23,9657,78,5YY7ht3PCArlLjLbcTiAvh
363,Cuando Pase el Temblor,Soda Stereo,23,9962,130,2ExpCKBxiHbgzepERl1t4D
364,In My Feelings,Drake,23,9773,10,0bAkKNCQfWkexHFn7fIKns
365,Tu No Vive Asi (feat. Mambo Kingz & DJ Luian),Arcangel,22,9100,71,6NSMQFKgjpQb0KkjMDYIK0
366,Sólo Mía (feat. Maluma),Yandel,22,9506,86,1ei3g2hMYh1VKvik9FoUQR
367,Ella Me Persigue,Alkilados,22,9929,115,5lKfxy2Lzs2yJWqHuWHUIq
368,Callao,Anna Carina,22,9824,66,6nTZdy0g6OmvMMiCO2mmz3
369,Atrévete,Nicky Jam,22,63734,17,26Qhn2T88XqVinXQpmSarj
370,De Cero,CNCO,22,9059,86,4XfCa8VFYeTsKbXrVlpKIa
371,Si Se Da - Remix,Myke Towers,22,82586,10,6K5BsR04ijf3FHNzjbaagD
372,Mírame - Remix,Nio Garcia,22,9340,87,53uKGbcMjEc2gIWbfmvpdS
373,Devuelveme,Ozuna,22,9639,62,5uvucCRBTkxv7VxIDLOqe7
374,Machika,J Balvin,22,9254,22,4vKltMFviBKMdhYu3FDLY0
375,Velitas,Darell,22,14416,116,7q3NthaBqFI6s0WnAlnIvq
376,There's Nothing Holdin' Me Back,Shawn Mendes,22,9493,64,79cuOz3SPQTuFrp8WgftAu
377,Don't Stop Me Now - 2011 Mix,Queen,22,9865,60,5T8EDUDqKcs6OSOwEsfqG7
378,She Don't Give a Fo,Duki,22,9676,112,6S3yaMAF7jB4GfjXdYLsD0
379,Me Enamoré,Shakira,22,9800,14,4m5A5meIueOcDBpbqGvkQB
380,Por Ese Hombre,Los 4,21,9978,101,4cqEWeTLXsrFxhEzrIwomB
381,CANGURO,WOS,21,30600,50,2UAWYufVaO3EnUUNzl0ppO
382,Goteo,Duki,21,20993,73,1EoEU4HY57qaITp06TkC6B
383,Tutu,Camilo,21,98703,2,1nocRtwyNPVtGcIJqfgdzZ
384,Eres,Lil Silvio & El Vega,21,9600,108,6elyBM97GFJmt48pEIjUc6
385,Ya No Me Duele Más - Remix,Silvestre Dangond,21,9376,58,4CTjql34LKCJy5WOSgEhvA
386,Something Just Like This,The Chainsmokers,21,8166,38,6RUKPb4LETWmmr3iAEQktW
387,Wolves,Selena Gomez,21,9956,70,7EmGUiUaOSGDnUUQUDrOXC
388,Como Le Hago,Ezio Oliva,21,9715,89,4EwoTmepntGu2fgKsMWHVb
389,Ni Gucci Ni Prada - Remix,Kenny Man,21,8601,76,3EwnwCYCO2mnCoYj5NLhER
390,Sucker,Jonas Brothers,21,8969,26,22vgEDb5hykfaTwLuskFGD
391,no tears left to cry,Ariana Grande,21,9953,55,2qT1uLXPVPzGgFOx4jtEuo
392,Caro,Bad Bunny,21,26502,45,6it15CsDlkqB7N4lF0C1qM
393,Under Pressure - Remastered,Queen,21,9893,57,2fuCquhmrzHpu5xcA1ci9x
394,Swalla (feat. Nicki Minaj & Ty Dolla $ign),Jason Derulo,20,9340,36,6kex4EBAj0WHXDKZMEJaaF
395,Corazón,Maluma,20,99996,1,4lESS6vuruP6a79KWRaQou
396,MALA,6ix9ine,20,9608,42,0LQ1J0BCzA2qnAgp9MkkNE
397,Dicen,Matt Hunter,20,8384,45,4cfoVJxpHqUqTvBrG1RTyi
398,Cake By The Ocean,DNCE,20,9534,47,2aFiaMXmWsM3Vj72F9ksBl
399,Mami,Piso 21,20,20248,76,3bDD7GGvIzAZeHz2TOYD3A
400,All of Me,John Legend,20,7070,134,2q6tgiA9tpb6DMguABwCWE
401,Tu de Que Vas,Los 4,20,9817,57,5TBCSSWvCA8aQuG0S7oJAz
402,Cuerpo en Venta,Noriel,20,33259,52,2B94bbI1a4LyBpK1439oP7
403,I Took A Pill In Ibiza - Seeb Remix,Mike Posner,20,9838,36,17Fd6Yb7mSbinKG8LoWfFl
404,"Yo x Ti, Tu x Mi",ROSALÍA,20,93118,9,7BlBVFwvbWvcwNcUarQmjk
405,Mi Historia Entre Tus Dedos,Los 4,20,9525,43,5RYSQDIq0ZPGc03ZnUut57
406,La Mejor de Todas,Josimar y Su Yambú,20,9777,113,0LbfthzsswFp1T15s6PMk0
407,Te Quiero Pa´Mi,Don Omar,20,9640,25,3BY2mafsbsoKGqS380Xnuz
408,En Peligro de Extinción,Bembe Orquesta,20,62190,18,6NFqonbFp2QhnJIh7cE2s3
409,Me Mata,Bad Bunny,19,9355,75,2wgDAPgBhFA7pnIbm0YOhP
410,Ando buscando (feat. Piso 21),Carlos Baute,19,7433,43,7BwJtE8KSbCQKOCTIAY3jX
411,Controla,Brytiago,19,9524,61,4AKWHLChPxYdXAB2cHmZB7
412,Fiebre,Ricky Martin,19,8932,53,0oFqlgK2LJ9eMlpGBCmRvf
413,Bellacoso,Residente,19,51030,26,1kMUGCt7XLDc5Q64Vl0H8S
414,Adicto (with Anuel AA & Ozuna),Tainy,19,85037,7,3jbT1Y5MoPwEIpZndDDwVq
415,Te Quemaste,Manuel Turizo,19,36964,49,4fj7e6Tc48Bmomwyz2Z2XC
416,Indeciso,Reik,19,79495,8,59s0s39NFWScuHDbHytI14
417,Minifalda,Greeicy,19,18258,99,4cccqGxzMZXzBrdNUKjnIl
418,Háblame Bajito,Abraham Mateo,19,9700,120,1s46xFwjfRUkRlPlX3PwPk
419,Solo (feat. Demi Lovato),Clean Bandit,19,9733,125,6kPJZM97LwdG9QIsT7khp6
420,No Te Enamores,Paloma Mami,19,9999,71,0EJu1RBtxzldMG2peczuPv
421,No Se Me Quita (feat. Ricky Martin),Maluma,19,35448,47,1GBLO0NFODuL31A5fgw0uR
422,Para No Verte Más,La Mosca Tse-Tse,19,8672,160,19CmuECYssqkPWANF4nLWM
423,Chillax (feat. Ky-Mani Marley),Farruko,19,6421,17,1lxswgIpzV6HhENRvkflES
424,Alone,Alan Walker,19,8657,93,0JiVRyTJcJnmlwCZ854K4p
425,Le Encanta,Juan Magán,19,9767,85,5MucM2zqn6ugfL7jQdhf0s
426,La Plata (feat. Lalo Ebratt),Juanes,19,9957,95,7Eso5mURNFprb5PmhOXDlf
427,Cuatro Babys,Maluma,18,23830,14,0JoHqmlqE0W0i9prt6kcHR
428,Triste,Bryant Myers,18,9944,70,5MNS5FF4LrTX0jIaI0gory
429,"El Favor (with Nicky Jam & Sech, feat. Farruko, Zion & Lunay)",Dimelo Flow,18,62313,16,684EjRHwNsZQ9hCQxL4NYL
430,Tan Fácil,CNCO,18,9583,81,1TxgZRcy3kZ7JaEp88MDbC
431,Traicionera - Remix,Sebastian Yatra,18,9924,35,2webQDZmtGioeu3zUUi9We
432,Sugar,Maroon 5,18,8850,94,494OU6M7NOf4ICYb4zWCf5
433,Boy With Luv (feat. Halsey),BTS,18,9903,26,5KawlOMHjWeUjQtnuRs22c
434,Love Yourself,Justin Bieber,18,8758,78,3hB5DgAiMAQ4DzYbsMq1IT
435,De Pies A Cabeza,Maná,18,9384,64,2CkHE54EH44Qj945ynQRw7
436,"I Don’t Wanna Live Forever (Fifty Shades Darker) - From ""Fifty Shades Darker (Original Motion Picture Soundtrack)""",ZAYN,18,9863,45,3NdDpSvN911VPGivFlV5d0
437,Bailame Despacio,Xantos,18,8880,56,4OaTpLJIa2harufGxfOPUu
438,Mi tesoro (feat. Nicky Jam),Zion & Lennox,18,9908,66,5HABnFSYvl6mTmg8nSdzHa
439,Stressed Out,Twenty One Pilots,18,7449,71,3CRDbSIZ4r5MsZ0YwxuEkn
440,Encantadora - Remix,Yandel,18,9994,51,0EpFfFZpCuqYFzHvxOtrZS
441,Bailando - Spanish Version,Enrique Iglesias,18,7198,129,32lm3769IRfcnrQV11LO4E
442,Si me dices que sí (feat. Nicky Jam),Cosculluela,18,9289,43,3noN1TxpjbjjmKqssghvg8
443,Sin Contrato - Remix,Maluma,18,7036,125,2xNZeeqmwMPVKnD7FSQfgt
444,Starboy,The Weeknd,18,8587,12,5aAx2yezTd8zXrkmtKl66Z
445,Sin Contrato,Maluma,18,8730,76,09S64DUkxIX9EwIaULu6yN
446,El chisme,Reykon,18,9959,77,4VXejnj5WgM6H72ct2fSgQ
447,El Perdón,Nicky Jam,18,7871,87,7qCAVkHWZkF44OzOUKf8Cr
448,Shaky Shaky,Daddy Yankee,18,34890,8,58IL315gMSTD37DOZPJ2hf
449,"La Ocasion (feat. Arcangel, Ozuna & Anuel Aa)",De La Ghetto,18,8889,69,498YWgZPJWIA4lphXtCNma
450,Nota de Amor,Wisin,18,6447,126,4YW2Fr25fHwUt6qgvM1iE1
451,Deja Que Te Bese,Alejandro Sanz,18,8552,67,0s6yB0ZFl1LvYHAnGhXFga
452,Te Vas,Ozuna,18,9669,56,2twUPIYOTqVivev47pf7bU
453,Te Soñé De Nuevo,Ozuna,18,22330,59,5s8LepdwU0THzpd0M7nLsa
454,Just Hold On,Steve Aoki,18,9229,55,3EmmCZoqpWOTY1g2GBwJoR
455,Quisiera,CNCO,18,7955,125,4iPV0gcc8keTFl6qxqP73M
456,No Quiere Enamorarse (Remix) [feat. Daddy Yankee],Ozuna,18,9813,44,4vlbjBSMqycZk6t4HVRpnC
457,"CAN'T STOP THE FEELING! (Original Song from DreamWorks Animation's ""TROLLS"")",Justin Timberlake,18,9952,45,6JV2JOEocMgcZxYSZelKcc
458,Treat You Better,Shawn Mendes,18,9915,41,4Hf7WnR761jpxPr5D46Bcd
459,Don't Let Me Down,The Chainsmokers,18,9605,39,0QsvXIfqM0zZoerQfsI9lm
460,Qué Bonito,Vicky Corbacho,18,49520,8,5rhQzYGJqaSOO1RcZFbtQb
461,Gyal You A Party Animal - Remix,Charly Black,18,27034,23,1AkTW13ysu0AJrwuM6UY0I
462,Cold Water (feat. Justin Bieber & MØ),Major Lazer,18,9846,23,6DNtNfH8hXkqOX1sjqmI7p
463,Me Ama Me Odia,Ozuna,18,9911,50,6041gM9Th1ViQcnzkIxnuv
464,Ahora Me Llama,KAROL G,18,9434,60,0alSPoUfrGb0RdVVG4Lf3n
465,DUELE EL CORAZON,Enrique Iglesias,18,18749,33,6YZdkObH88npeKrrkb8Ggf
466,In the Name of Love,Martin Garrix,18,9834,24,04DwTuZ2VBdJCCC5TROn7L
467,Bonita - Remix,J Balvin,18,9189,73,400nZFg9JEXd9DTBJf1PE3
468,My Way,Calvin Harris,18,9564,29,1vvNmPOiUuyCbgWmtc6yfm
469,Side To Side,Ariana Grande,18,9969,28,4pLwZjInHj3SimIyN9SnOz
470,Culpable O No - Miénteme Como Siempre,Luis Miguel,18,9831,53,7BwxbmYFy0l3ROHDjV2c14
471,Middle,DJ Snake,18,9644,49,4OZEu0Vwq0RB2LAq14v99n
472,Ride,Twenty One Pilots,18,8484,48,2Z8WuEywRWYTKe1NybPQEW
473,Hasta el Amanecer,Nicky Jam,18,9164,50,5Fim1gaXBgsiFfsQAfQSDS
474,Creep,Radiohead,18,7957,111,6b2oQwSGFkzsMtQruIWm2p
475,"Taki Taki (feat. Selena Gomez, Ozuna & Cardi B)",DJ Snake,18,15503,107,0KoiMHhqKLoL4xM54rcWYY
476,Don't Wanna Know,Maroon 5,18,9528,16,5MFzQMkrl1FOOng9tq6R9r
477,Tú No Te Imaginas,Gian Marco,18,9216,123,1YtLXviWOvnrzmdLJYyj9j
478,Manicomio,Cosculluela,18,9293,28,3n58u3LOFw8mITLvfPvQBz
479,Cheap Thrills,Sia,18,9252,55,27SdWb2rFzO6GWiYDBTD9j
480,Fuego,Juanes,18,9995,43,0mwPE0lPOgnWf2bo14xedJ
481,Bonita,Juanes,17,54740,23,0gcOnIUKIG6JF56iFUfE0p
482,Castle on the Hill,Ed Sheeran,17,9720,25,6PCUP3dWmTjcTtXY02oFdT
483,Guayo,Zion & Lennox,17,25463,58,4MR1AZhe1p0zTuH2HGhX9L
484,En La Cama (feat. Daddy Yankee),Nicky Jam,17,9628,111,0smQWysb4n7WOVGv5YMLnF
485,Hey Ma (with Pitbull & J Balvin feat. Camila Cabello) - Spanish Version,Pitbull,17,7724,12,2Vdub5mY4lad7w64bFPUez
486,Con Mi Amiga,Daniela Darcourt,17,18776,76,2bIIQIXgi5blVkSZ7Y2uTh
487,#Natural,Paty Cantú,17,9012,35,3cRJo0hXMcrXa7oLfAUU4d
488,rockstar,Post Malone,17,9908,87,1OmcAT5Y8eg5bUPv9qJT4R
489,La Mentira - Remix,Brytiago,17,13511,117,4jBpZsZ9qx3cZhoEfuKElF
490,Bellaquita,Dalex,17,57600,22,1tpbAGsGpZee5jDHMcLrUJ
491,Mil Horas,Los Abuelos De La Nada,17,8390,76,2cnzoggZA19R6DiWGhKU42
492,"DJ No Pare (feat. Zion, Dalex, Lenny Tavárez) - Remix",Justin Quiles,17,66363,15,1ndyl3wJCFs872XZ3ztPk6
493,Salvavidas,Ezio Oliva,17,28145,60,4vvKPVeTdt4N3hZwo5u85m
494,Pa Ti,Bad Bunny,17,9940,76,17nOaHsTn06jxuU9NpHuFU
495,Hear Me Now,Alok,17,9507,70,1a5Yu5L18qNxVhXx38njON
496,Mala Mía - Remix,Maluma,17,20388,62,6sAwJPgaSQ9Q4XGnbx1gZb
497,Tú Foto,Ozuna,17,9771,37,5zSOVwaY3sVjnmLhuEfsuf
498,Every Breath You Take,The Police,17,9609,162,1JSTJqkT5qHq8MDJnJbRE1
499,Fresa,TINI,17,58724,21,4BCPItsB94KDLuERZT3aNM
500,La Correcta,Nabález,17,9545,141,1ISamB2lPDAeKb4Js2hLgq
501,Sígueme - Remix,Feid,17,9916,127,3pAwh9JxSJxWyUy3BUBPb4
502,Nada Ha Cambiado,Manuel Turizo,17,29380,52,0uv14vi55Evco7lDLDj87P
503,Caile (feat. Zion & De La Ghetto),Revol,17,9787,68,626rYyBfeAeleh1F5t4B70
504,Qué Gano Olvidándote (feat. Zion & Lennox) - Versión Urbana,Reik,17,7495,55,3H179O48ynsu9q8LOnFQZY
505,La Dama,KAROL G,17,8850,109,18Lf9mbzkZnQDjksUhpIqY
506,Paris,The Chainsmokers,17,9313,37,72jbDTw1piOOj770jWNeaG
507,El Anillo,Jennifer Lopez,17,9374,61,2SpfMQ5TuKsMj1trNwrLVA
508,Mala Fama,Danna Paola,16,25652,61,2LVWDR1oEthhLIOtT4hHih
509,To My Love - Tainy Remix,Bomba Estéreo,16,9979,78,5LciLoxa1gK70yIUeoHgRx
510,Pa' Olvidarme De Ella,Piso 21,16,24392,71,1cVlW9WQiGlFdWUXFdFZGh
511,Me Dijeron,Ozuna,16,8410,46,17UUYZ290omPaJY4wKeyHh
512,Se Vuelve Loca,CNCO,16,9853,95,2PYmyMAMlhX1eVevLo5A6n
513,Que Calor (with J Balvin & El Alfa),Major Lazer,16,27218,60,1G2CAJeP7rCwOZjlSJ0Zw3
514,Oye Pablo,Danna Paola,16,26860,62,4wJFExEZZo62tmwTM9ENDR
515,"0 Sentimientos (Remix) [feat. Noriel, Darkiel, Lyan, Messiah & Baby Rasta]",Jon Z,16,7084,121,4COGASZEbAxmH6k5gYMo6G
516,Instagram,Dimitri Vegas & Like Mike,16,9966,105,0U6bQIAh6MCGo1xjbIIx2S
517,Ese Estúpido (Feat. Son Tentación),Josimar y Su Yambú,16,9937,131,5ILziynSUg35rG5g3d8oNS
518,Tú No Amas,Mambo Kingz,16,34661,42,5J64qSSq0VZuh0CiI9o9Nq
519,La Formula (feat. Chris Jeday),De La Ghetto,16,9625,38,4XCQtUoRSh22Ep18ULmDnT
520,Krippy Kush,Farruko,16,9081,51,7FfpP3YZ6fOWMdxkIAtud9
521,Fingías,Paloma Mami,16,9164,64,7o0oY5wRcoV7oPuDhD2J1z
522,Solo a Solas (feat. Maluma),Cosculluela,16,9995,114,4iKuG50iHNBaybQOo11yrN
523,Fantasias,Rauw Alejandro,16,91358,2,6mAN61JH0dzyZpWslS11jy
524,SUBEME LA RADIO,Enrique Iglesias,16,7820,5,7nKBxz47S9SD79N086fuhn
525,Dices Que Te Vas,KAROL G,16,24183,57,0QHOIQxRlIPYPJ1HLgIN8S
526,Te busco (feat. Nicky Jam),Cosculluela,16,7105,109,6wHm04cn5HxK6pE2ITEdUS
527,Como Le Hago - Versión Salsa,Ezio Oliva,16,9211,97,26s0BKODH5Vk4lb2jeeJlt
528,Zum Zum - Remix,Plan B,16,9423,81,2y4XLIaQOPbBJQEr4r9L2Y
529,Work from Home (feat. Ty Dolla $ign),Fifth Harmony,16,6862,79,4tCtwWceOPWzenK2HAIJSb
530,Sexto Sentido (feat. Bad Bunny),Gigolo Y La Exce,15,9357,83,3iDPALl8BoUbuXZgy6EOWY
531,Olha a Explosão,MC Kevinho,15,46014,17,6m2LNopVJKsvBB9l7Z1rwn
532,Lumbra,Cali Y El Dandee,15,7667,36,6VHdcVbiKLYYOcMbIqBcuK
533,Donde Estan Las Gatas (feat. Nicky Jam),Daddy Yankee,15,9700,124,3Kemg5QPEhEjOiWUFrTkXX
534,Starving,Hailee Steinfeld,15,8310,74,1qOLh0tI7trd1zdDKxYZTe
535,Piensan,Myke Towers,15,30232,54,0i9oiUkWOgvtnjkr0fa3XN
536,Call On Me - Ryan Riback Extended Remix,Starley,15,8108,83,78rIJddV4X0HkNAInEcYde
537,Amor Genuino,Ozuna,15,27023,51,6pK5edDoyrn4mWwRSVc2a5
538,Bebe (feat. Anuel AA),Ozuna,15,9978,100,6SIrNxmmdbv1KUbFBu1PaN
539,Y Le Dije No - Salsa,Yahaira Plasencia,15,13032,156,2NcuCrsWUKklKE0glhndJD
540,No Te Vas - Remix,Nacho,15,9973,87,0UU6IOw7aZcUIu0iW7EfVW
541,Una Lady Como Tú - Remix,Manuel Turizo,15,8061,54,7MMRoGvm7uhoUVhGvHJ3yW
542,Sorry,Justin Bieber,15,9025,90,69bp2EbF7Q2rqc5N3ylezZ
543,El Efecto,Rauw Alejandro,15,9914,129,4SJHHpKhcuXwDsCsPqshXj
544,Al Filo de Tu Amor,Carlos Vives,15,9742,61,77a9893yxuz36cBUmBzA8E
545,Propuesta Indecente,Romeo Santos,14,8934,130,5PycBIeabfvX3n9ILG7Vrv
546,Jacuzzi,Greeicy,14,9327,61,2ao2cefwytJfOr6lsYx1ZC
547,Me Acostumbre (feat. Bad Bunny),Arcangel,14,9104,87,2FIm6YsSGL5acOqSuJDh5s
548,This Is What You Came For,Calvin Harris,14,9409,53,0azC730Exh71aQlOt9Zj3y
549,Usted,Juan Magán,14,9614,65,79HTe42PihWUUq4BDjcuCq
550,Ráptame,Reik,14,8229,82,0I6syWcqSUsZ3sXJEOIGsj
551,Dueles,Jesse & Joy,14,8625,74,1iRvhKiXRElIH2Uf4gd95P
552,Bobo,J Balvin,14,9853,42,7AtlMCIauSQZqiXSlbBPW6
553,Mi Persona Favorita,Alejandro Sanz,14,15178,101,1O4dGIPUXUanseRdv4fNzw
554,Bailemos,Manuel Turizo,14,18801,101,1ScD7XQYCKmJ3fdNh71lUE
555,Mocca,Lalo Ebratt,14,9732,140,0NKoPGc72yUKTIneVhFfg1
556,Callao,Wisin & Yandel,14,18616,70,3gu0fRSgFuc4FmrtIv0DnC
557,Light It Up (feat. Nyla & Fuse ODG) - Remix,Major Lazer,14,7448,72,0L7loeTIg6akW84aEQZpCT
558,Adicto (feat. Marc Anthony),Prince Royce,14,9773,94,4Xqpt53kWML7eTObGxQ43i
559,Heathens,Twenty One Pilots,14,9031,43,6i0V12jOa3mr6uu4WYhUBr
560,Say You Won't Let Go,James Arthur,14,7725,105,5uCax9HTNlzGybIStD3vDh
561,Tu Sicaria,Ms Nina,14,27012,55,6fatMybX8VmHUpaxVcXzrz
562,Never Be the Same,Camila Cabello,14,9381,53,4eWQlBRaTjPPUlzacqEeoQ
563,Stitches,Shawn Mendes,14,6002,120,1WP1r7fuvRqZRnUaTi2I1Q
564,Si Te Vas,Sech,14,73260,12,6Y4PDQv4XjYjHLeLmvyOt0
565,Loco,Beéle,14,73822,11,2J9B63FawlTaPdg4eH5X03
566,Mine,Bazzi,14,9776,69,6tHWl8ows5JOZq9Yfaqn3M
567,Qué Pena,Maluma,14,54235,24,5099x34vBakWpGkHourFxP
568,Volver a Verte (feat. Cali y El Dandee),Fonseca,14,9827,120,5AEe2QNDyG1u0bujk7LrgQ
569,La Mejor Versión de Mi - Remix,Natti Natasha,13,35443,50,2dy3TKVDEbIeWxeIb8JWqZ
570,Perdóname,Mau y Ricky,13,9985,138,4mivRZXyZbIDecPTiCtOjw
571,Trap (feat. Maluma),Shakira,13,9296,103,7GncL3nyKUjsEm8Z5gvTpW
572,Vete,KHEA,13,8260,153,2rZB6indPhp8C5AZK1PpkS
573,"I Can’t Get Enough (benny blanco, Selena Gomez, J Balvin, Tainy)",benny blanco,13,26924,51,1WSGTYKLEpKfNQYYW5Oymt
574,Como Mirarte,Josimar y Su Yambú,13,9289,166,0VSOVYL24a8W59IZ6nmhAb
575,Just the Way You Are,Bruno Mars,13,8374,117,7BqBn9nzAq8spo5e7cZ0dJ
576,Mañana Es Too Late,Jesse & Joy,13,9994,76,3AnFYXJMTNJtQUwsJWmTK4
577,TELÉFONO,Aitana,13,9983,96,5h8VHxOBK1VWWj46T8fSly
578,Bonita,CNCO,13,9919,88,15CzCpeyJrIqRcU9nnHi3k
579,Duele,Reik,13,9543,104,3NncP0ajz9lqYAZcQD7Bpo
580,"Un Bellakeo (feat. Alexio, Pusho & Juanka El Problematik)",Ozuna,13,9188,61,0IBzvfDLFn9K39wMASeBiQ
581,Contando Lunares (feat. Cruz Cafuné),Don Patricio,13,9934,159,6Cs7b9bu3fy5XhMwBA9Tz4
582,How Long,Charlie Puth,13,9576,115,32DGGj6KlNuBr6WaqRxpxi
583,She Don't Give a FO (feat. Khea),Duki,13,9165,102,7ehmaSwhEZv4aaJzxsVMGY
584,Quiero Volver,TINI,13,7269,78,1jcAZRfufvi67KWnwRmizE
585,Sola,Luis Fonsi,13,7628,51,0mtdxzBRDbueLFpiwpbHKO
586,Mejores Amigos,Yera,13,25234,59,7tQ24skemknA6PPh6gwFi1
587,MOJAITA,J Balvin,13,50614,25,71pEiUWwfDFiRO6RmFpnBf
588,B11 (feat. Myke Towers),Rvssian,13,18017,101,4o1DxRjMCHDwBiOKv88rOl
589,Chained To The Rhythm,Katy Perry,13,9936,37,5ndfVSDyPq90jaIUhNPeby
590,Original,Arcangel,13,9986,67,1LBlcCtOrKITXpEp1hnNpj
591,105 F Remix,KEVVO,13,14722,126,1aUGxXCz9QimNkKeiJtzZ7
592,What Do You Mean?,Justin Bieber,13,8035,123,3pzjHKrQSvXGHQ98dx18HI
593,Qué Tienes Tú,Dvicio,13,9175,151,4txQPJDlvU72lC6EMhT7m9
594,Díganle - Tainy Remix,Leslie Grace,12,9802,127,1l89iNLbzfFN9TsWJORolB
595,R.I.P. (feat. Rita Ora & Anitta),Sofia Reyes,12,9687,40,6JqpFboOH2bq9pzaYbkKBn
596,Electricity (with Dua Lipa),Silk City,12,9566,76,5N4erncE7kuUccm7zEmwzk
597,Acércate (feat. Nicky Jam) - Remix,De La Ghetto,12,8831,66,35OC6rMxa8lJi8eDiUVShS
598,La Forma en Que Me Miras,Super Yei,12,24011,71,6t94PGXYAuo9GbJEnMpPcW
599,Yo No Se Manana - Salsa Version,Luis Enrique,12,12902,164,5jJTqI5yteOyLWoDTjiHCO
600,Found Love,We The Lion,12,6570,103,7rt2EDvY3MFxNiEMrAU9XZ
601,Uniforme,Rich Music LTD,12,31167,54,0wMs7DPFOnToNAoecvAFQc
602,Oye,TINI,12,53393,24,09nSCeCs6eYfAIJVfye1CE
603,Quizas,Rich Music LTD,12,70233,11,5Id5B3dxJZhPcV9GzgYZZe
604,Tiene Novio,Sech,12,9547,132,5V4u2EwJZLs03lWJ8PH9DA
605,Un Polvo,Maluma,12,6383,121,01vHGJRvJ6EZW9KO8NtZpi
606,Shed a Light,Robin Schulz,12,8403,98,1cG0umU5TKStygKsPFZ9pY
607,Adventure of a Lifetime,Coldplay,12,6173,95,69uxyAqqPIsUyTO8txoP2M
608,This Girl (Kungs Vs. Cookin' On 3 Burners) - Kungs Vs. Cookin' On 3 Burners,Kungs,12,6979,91,0tICYNayWWhH9GPeFrfjfD
609,No Te Veo - Remix,Casper Magico,12,9735,128,0stKSegkdrfLTDvm5sIO38
610,El Ritmo de Mi Corazón,Gian Marco,12,9808,134,6Nmpt6fRu5Yvbfraoe13tx
611,No Te Hagas la Loca,Noriel,12,9769,89,4NGbpyKrKMlJX4kP8iTQFJ
612,Cold,Maroon 5,12,9806,66,5NNlUMcOEOdoOIwwaWXv0k
613,"Feels (feat. Pharrell Williams, Katy Perry & Big Sean)",Calvin Harris,12,8945,125,5bcTCxgc7xVfSaMV3RuVke
614,Héroe Favorito,Romeo Santos,12,9474,65,6BdAwMv1YorLfkBWlE493X
615,Solo,Amenazzy,12,9876,100,2rrJfOphzn4uQCK9X0x6R6
616,Sin Culpa (feat. DrefQuila),Duki,12,9655,113,3dLiBBKbeUIhzGNeuo5JGS
617,What Lovers Do (feat. SZA),Maroon 5,12,9738,69,3hBBKuWJfxlIlnd9QFoC8k
618,Me Dediqué a Perderte,Alejandro Fernandez,12,9223,163,4NUt1fcnO9aQAELBgXq3Kr
619,Nunca Me Olvides - Remix,Yandel,12,8070,124,7pyEd6g5y7SYdKNgRtleEB
620,Shape of You (feat. Zion & Lennox) - Latin Remix,Ed Sheeran,12,5394,52,5nCtCCB5i1OfbADvynNw0i
621,Reggaetón Lento (Bailemos) - Remix,CNCO,12,9363,97,1T45DsQ4HFLJgthyedAa8V
622,Replay,Maikel Delacalle,12,9942,62,07w6jp4Fq8GGqhLoDYoVkb
623,Slide (feat. Frank Ocean & Migos),Calvin Harris,12,8540,107,6gpcs5eMhJwax4mIfKDYQk
624,Me Vuelvo Loco,Abraham Mateo,12,18570,80,0KmeVVL1SHlPIiHWtOD34X
625,Mi Mala,Mau y Ricky,12,9479,60,4XP6qLtHI0n9UjIPTsuqe8
626,"Simple (feat. Cosculluela, Nengo Flow & Baby Rasta y Gringo)",DJ Luian,12,7331,115,15kZDQoTtpkya2kG8ZPJoi
627,Hula Hoop,Daddy Yankee,12,9509,51,7BEI30TTNhwnkCyNUDmFrr
628,Galway Girl,Ed Sheeran,12,9951,75,0afhq8XCExXpqazXczTSve
629,Sé Que Te Duele,Alejandro Fernandez,12,9730,64,5vZfgeDfNhlkKeJqjzSAmg
630,Pa Dentro,Juanes,12,9638,81,7flNdUykV5LYDRv8wQDbsx
631,Stay (with Alessia Cara),Zedd,12,9996,69,0dA2Mk56wEzDgegdC6R17g
632,It Ain't Me (with Selena Gomez),Kygo,12,22253,35,3eR23VReFzcdmS7TYCrhCe
633,Muito Calor,Ozuna,12,9426,103,5uVgsAzjO6eJR06VPrqUga
634,El Perdedor - The Remix,Maluma,11,9544,62,4QsPTKvdpgkA7mBAvclZTa
635,Vacaciones - Remix,Wisin,11,6658,160,42QpgFFhu8SIKFK2dp0kUj
636,En Guerra,Sebastian Yatra,11,9977,99,6dJPqP0gHP6iAZuIk1njBs
637,Todo El Amor (feat. Maluma & Wisin),De La Ghetto,11,9774,91,4LQL3TMYtU7J8xBUhyjJxQ
638,The Middle,Zedd,11,9369,131,09IStsImFySgyp0pIQdqAc
639,Dance Monkey,Tones and I,11,84879,7,1rgnBhdG2JDFTbYkYRZAku
640,La Última Vez,Anuel AA,11,7483,64,4J1e3hbf0e5YUZjkxyJWD3
641,God is a woman,Ariana Grande,11,9822,63,5OCJzvD7sykQEKHH7qAC3C
642,Lo Aprendí de Ti - HA-ASH Primera Fila - Hecho Realidad [En Vivo],Ha*Ash,11,6954,121,3xrpI0GqWNMjMDOdXUOnK3
643,Veneno,Anitta,11,8961,63,1KFN3kB4hc6r7ILpifFsqf
644,Dímelo,Paulo Londra,11,9804,105,4DDrWnqgD1IdMvbpJXdoO9
645,Ganas Locas (feat. Farruko),Prince Royce,11,8026,118,7JpzzaCzljQdfnG7wPRqSe
646,Passionfruit,Drake,11,9779,91,7hDc8b7IXETo14hHIHdnhd
647,No Te Debí Besar,C. Tangana,11,18747,87,1KdwnsWOvhM53vezy5ROuf
648,Más Que Ayer,Arcangel,11,6572,159,37vqCDZ6g5pZ5gqDS90MDP
649,Somebody To Love - 2011 Mix,Queen,11,9537,55,6cFZ4PLC19taNlpl9pbGMf
650,Sunflower - Spider-Man: Into the Spider-Verse,Post Malone,11,9612,130,3KkXRkHbMCARz0aVfEt68P
651,Arms Around You (feat. Maluma & Swae Lee),XXXTENTACION,11,9938,67,2LskIZrCeLxRvCiGP8gxlh
652,Ponte Bonita (feat. Wolfine),Mario Hart,11,9960,76,09Ovjyfez6v3SiJMIbiMtc
653,Ya Para Qué,Greeicy,11,9898,103,5jX5LKsgCcM2GMSLfVYn78
654,La Cama,Lunay,11,23736,73,0OoqRZXnSrgIUAha3iLKG1
655,Ahora Me Llama - Remix,KAROL G,11,9437,88,63yOvxSAB02K45KDnZscS0
656,Vitamina,Maluma,11,9930,92,5W9oqM9MkYU0DVBic748ZJ
657,A Thousand Years,Christina Perri,11,5867,162,6lanRgr6wXibZr8KgzXxBl
658,Netflixxx,Brytiago,11,9553,106,5gFAT2DbEt4TOMXyAMEixG
659,SAD!,XXXTENTACION,11,9490,54,3ee8Jmje8o58CHK66QrVC2
660,Que Tire Pa Lante,Daddy Yankee,11,91964,5,6RyaV7owmVU6fzEPE17sF1
661,Tutu - Remix,Camilo,11,22643,75,302I7g0l3jmAbzFu9WBCmu
662,Caliente (feat. J Balvin),De La Ghetto,11,9150,96,1d1mZ7F4VI0hkkie2jE4yq
663,RITMO (Bad Boys For Life),The Black Eyed Peas,11,58579,1,6cy3ki60hLwimwIje7tALf
664,Para Enamorarte,CNCO,11,6111,166,3B21fRFqPLmTd9zAlK0I8A
665,BOTA FUEGO,Mau y Ricky,11,23287,72,6Y6YC93R1r0CISm5iC4j27
666,Run Up (feat. PARTYNEXTDOOR & Nicki Minaj),Major Lazer,10,7882,111,0fg8CqpjdojMyXLNzM2PaJ
667,Primer Avión,Matisse,10,24191,70,1CaBwYdWhxUeE4j3w0WqbL
668,Aventura,Lunay,10,52632,26,37zdqI4r1gswIzczSBkRon
669,Silencio,Yashua,10,9550,78,4QKEFIXLvE0uhNLYgjfGLc
670,Live It Up - Official Song 2018 FIFA World Cup Russia,Nicky Jam,10,8726,37,4DnHUy01jEA4b5ydC3HgsT
671,changes,XXXTENTACION,10,9700,64,7AFASza1mXqntmGtbxXprO
672,Medicina,Anitta,10,9630,55,4R5xvs5X0phd0EYWyGigju
673,Cambio,Ozuna,10,24607,63,3cg9A9GVyZAT2CPevqWr65
674,Homerun (Intro),Paulo Londra,10,9609,35,7kh95COsNZjnTmc6aF76n7
675,Jocelyn Flores,XXXTENTACION,10,8976,29,7m9OqQk4RVRkw9JJdeAw96
676,Darte Remix,Alex Rose,10,9673,158,6xqbec9MHRmW7qtEINAlRx
677,Toda - Remix,Rauw Alejandro,10,9715,155,4Ba4zZmZbDA3yCyDXxRvNP
678,Tú Sí Sabes Quererme (feat. Los Macorinos),Natalia Lafourcade,10,9000,99,6p3yxt0uJJshAS3CT0znQg
679,Una Cita - Remix,Alkilados,10,6363,156,6v3QCw4ca5cR4VkzpG0PHy
680,We Will Rock You - Remastered,Queen,10,9998,66,4pbJqGIASGPr0ZpGpnWkDn
681,FAKE LOVE,BTS,10,9741,46,3aW0ds4A4tSQDIp75FqWTo
682,Nadie (feat. Sech & Sharo Towers) - Remix,Farruko,10,22300,76,6pNjmMB8FTMEcqGSgs7Mji
683,Con Calma - Remix,Daddy Yankee,10,9864,54,4au7FRcgZzChASRYu279xH
684,Quien Sabe,Natti Natasha,10,8883,64,5ZkPBld8QqfUkS6aJG40yj
685,"Nicki Nicole: Bzrp Music Sessions, Vol. 13",Bizarrap,10,26837,56,2S93hylQBYLndMnaJuso8S
686,Baby I Won't,Danny Ocean,10,7701,139,1G0xFA3KNiKdbjhT2asL43
687,Volverte A Ver,Leslie Shaw,10,8323,61,0NgB93Egs8T6iRxC8e10U3
688,Rosas O Espinas,Joey Montana,10,9858,120,1TtLoJNPEjmXOoGFDhJXMP
689,Inmortal,Aventura,10,22086,62,2swZ0X1njeU32SNJeBKIfW
690,"Amor, Amor, Amor (feat. Wisin)",Jennifer Lopez,10,9213,71,7h9sdbDEBfkWSmO4mzGED6
691,Greenlight (feat. Flo Rida & LunchMoney Lewis),Pitbull,10,5968,149,3lJA6dGqvaKtVxqHbTtQiQ
692,Promises (with Sam Smith),Calvin Harris,10,9971,126,5N5k9nd479b1xpDZ4usjrg
693,La Realidad (Remix),Pusho,10,9682,118,2PgsOTPkF25VJ9cZmUjSKE
694,Symphony (feat. Zara Larsson),Clean Bandit,10,9762,89,1x5sYLZiu9r5E43kMlt9f8
695,Escápate Conmigo,Wisin,10,68280,3,2cnKEkpVUSV4wnjQiTWfH6
696,Me Gusta - Remix,Alkilados,10,7244,124,7pueb0FHOYlKAJPXhVhwml
697,Subtítulos,Lasso,10,24730,64,2O2J6GrQzv3mkXuMfFEPMY
698,Te Guste,Jennifer Lopez,9,9396,71,0ifLplTQxXkFZKMQpWCHii
699,Calypso - Remix,Luis Fonsi,9,9871,97,3B1q4Cv9PcYdiOpzqKSEIV
700,Unica - Remix,Ozuna,9,9558,87,5Sv1rKKMX1yl9kfJ2HTluk
701,Kill This Love,BLACKPINK,9,9643,54,3VHrwffnUZFb7FidvPV3OA
702,Shallow,Lady Gaga,9,9953,58,2VxeLyX666F8uXCJ0dZF8B
703,No Puedo,Paulo Londra,9,9655,66,6MbSMSXrSlvsyHf4kcaLQi
704,Say My Name,David Guetta,9,9485,168,0YammaEkYSeo9vQYZ1OwS6
705,Cuando Perriabas,Bad Bunny,9,9354,76,5mj8WVFcKdGA8p9HWGTSLc
706,Aprendi a Amar,Brytiago,9,9316,114,7M8K2ermHPnLJildw6F6EP
707,El Sol No Regresa,La Quinta Estacion,9,9873,180,2awKQgW88iq9jFM54VaCAp
708,Locked Out of Heaven,Bruno Mars,9,7849,129,5g7sDjBhZ4I3gcFIpkrLuI
709,Pegao,CNCO,9,18474,93,65HT0L2eAtvbH56XrJqPbf
710,Lose You To Love Me,Selena Gomez,9,69825,12,1HfMVBKM75vxSfsQ5VefZ5
711,Tanto,Jesse & Joy,9,16873,115,3bCuNSiaBHqxdevMYEnGpe
712,Whine Up,Nicky Jam,9,79333,9,2pWOMNQJW3g2zmGjP0Vkb0
713,Don't Start Now,Dua Lipa,9,23123,79,6WrI0LAC5M1Rw2MnX2ZvEg
714,Back To You,Selena Gomez,9,9665,73,514rhnksEwHUh6LxXsQ4Y9
715,Ex de Verdad - HA-ASH Primera Fila - Hecho Realidad [En Vivo],Ha*Ash,9,6321,129,40lU8uy8xKKRAP9A1N3BqH
716,Llegaste tú (feat. Reykon),Sofia Reyes,9,9752,72,79Bm3DTEYuQsDpUVHbSRsL
717,Quisiera Alejarme (feat. Ozuna),Wisin,9,9753,106,5X9daJT0Qg5yLIvUqwPKkX
718,Mi Historia Entre Tus,Los 4,9,9889,84,2hl7R0VVe4OphNXZ50XEtZ
719,Call Out My Name,The Weeknd,9,9228,65,1gm616Plq4ScqNi7TVkZ5N
720,Cuando Pase El Temblor - Remasterizado 2007,Soda Stereo,9,7764,163,3uMYq07Kj5m564OQwdSCrD
721,Dive,Ed Sheeran,9,7599,119,51ChrwmUPDJvedPQnIU8Ls
722,LA PROTAGONISTA,Josimar y Su Yambú,9,8897,138,30bWtwvnia5mtN9o6edJDa
723,El chisme (feat. J Álvarez & Kevin Roldán) - Remix,Reykon,9,6440,168,58EQDn2K9Gyj68YIckOLrN
724,Sign of the Times,Harry Styles,9,9913,55,5ELRkzdzz0HvGpMDlfZHkV
725,No vaya a ser,Pablo Alborán,9,9978,108,6ZZOdrcqRZzTCwGlsy00SU
726,"Let Me Go (with Alesso, Florida Georgia Line & watt)",Hailee Steinfeld,9,8609,141,5AEtlRudpgdT5FtNiuly6Y
727,El Ritmo de Mi Corazon,Grupo 5,9,9005,160,2RFMVm8ox1fX27BJLFhvLz
728,Versace on the Floor,Bruno Mars,9,6823,161,0kN8xEmgMW9mh7UmDYHlJP
729,La Cintura,Alvaro Soler,9,8072,65,19MBk3PbNFE36wqIqkMq9H
730,Despacito - Remix,Luis Fonsi,9,98818,1,5CtI0qwDJkDQGwXD1H1cLb
731,Loquita,Marama,9,6458,93,2xjcDF21U2ccgE2LEeiMbf
732,Quisiera Alejarme (feat. Ozuna & CNCO) - Remix,Wisin,9,9974,100,4khRdk0vpLBWzGu41Fd7Rl
733,Hasta Que Se Seque el Malecón - Remix,Jacob Forever,9,9784,58,6sMPwcpYtxm1mlgYbp1B0t
734,La Protagonista - Live,Josimar y Su Yambú,8,8603,136,2oxkg9MzHrY1svmtBVzKEi
735,Mad Love,Sean Paul,8,9308,114,3soOPBuMK8YMdWnV7xpEyf
736,Demasiado Loco,Paulo Londra,8,9978,54,1algWk375QvT1XNJJbRsGM
737,Amantes - Versión Salsa,Greeicy,8,6906,172,30UA08ePK3varU1cNX2Owt
738,Mi Medicina,CNCO,8,8603,123,0CrcWtJQB7bQE6S1yEbxnP
739,COMO UN BEBÉ,J Balvin,8,9774,46,7knLcYCOSaURD0d7HUULFM
740,Counting Stars,OneRepublic,8,5569,163,5edBgVtRD0fvWk140Sl21T
741,Si Ella Quisiera - Remix,Justin Quiles,8,6211,137,0A2h9QjoPdbVwa9LFiijqM
742,Dime,Revol,8,9338,74,08wJw4VdkKImX4t1vL6MsO
743,Hangover (feat. Prince Royce),Maluma,8,9554,123,30dTsIbEuISrnDeeE0BKp1
744,Caminar de Tu Mano,Río Roma,8,6182,147,7cCRlUf8ayOJtTlWN7g8Ni
745,YO LE LLEGO,J Balvin,8,9995,32,0uIfrUwwg0Z7KTitul7E3T
746,Ginza,J Balvin,8,6996,86,5N8nNuTmIzkZOfcxXlygUw
747,Perfecta,Kobi Cantillo,8,9076,98,7g5DQLPkOYdch16quoI7iz
748,Balenciaga,Ozuna,8,9035,93,3iIZvct75tkk1CwbqVjsry
749,Hola - Remix,Dalex,8,87011,3,5stPVcRqb4qixbafP9e8lt
750,Wake Me Up - Radio Edit,Avicii,8,9183,58,6g1NlCpW7fgqDnWbCCDrHl
751,Familiar,Liam Payne,8,8277,94,0Y4hwUppbGc8aIBmiTz30A
752,Contigo Siempre,Alejandro Fernandez,8,9589,138,17LxkTp8UNbPcYrDrI6UOq
753,"Perdón, Perdón - HA-ASH Primera Fila - Hecho Realidad [En Vivo]",Ha*Ash,8,5646,144,15Hx1oi6C3AxYhhvolqrJG
754,¿Qué Ha Pasao'?,Abraham Mateo,8,17083,108,2zkVH2daHyjS51g7PRJFDn
755,Llegaste Tú,Luis Fonsi,8,6505,155,7cvw9YXDn35Ra6xCrIqVNZ
756,Tusa,KAROL G,8,96028,1,7k4t7uLgtOxPwTpFmtJNTY
757,"break up with your girlfriend, i'm bored",Ariana Grande,8,22846,57,4kV4N9D1iKVxx1KLvtTpjS
758,By Your Side,Jonas Blue,8,7623,80,1D3ODoXHBLpdxolZRHWV1j
759,Encanto,Don Omar,8,8486,116,0OEQGwBfL4b9KX0RwfOiW6
760,Gyal You A Party Animal,Charly Black,8,8393,57,1mSzZKMIPZIkn3jFV7v62b
761,La Cintura (feat. Flo Rida & TINI) - Remix,Alvaro Soler,8,9761,59,56gH0zGe3SP9SGNoQ2pWwn
762,Instinto Natural (feat. Sech),Maluma,8,16693,84,63LC0DlzmPd9TOYON8blfc
763,Tequila Sunrise,Cali Y El Dandee,8,18058,102,1sD32hk8V2vR4ME7M0rPT5
764,"Familia (with Anuel Aa, feat. Bantu) - Spider-Man: Into the Spider-Verse",Nicki Minaj,8,9984,78,4Uy3kNxW2kB8AEoXljEcth
765,Gucci Gang,Lil Pump,8,9285,97,43ZyHQITOjhciSUUNPVRHc
766,El Amante - Remix,Nicky Jam,8,9848,85,04f13iELcsYpY2yeLiAcfq
767,HUMBLE.,Kendrick Lamar,8,7496,137,7KXjTSCq5nL1LoYtL7XAwS
768,Scooby Doo Pa Pa,Dj Kass,8,7793,31,1xndOD8CreR5ctkOv5G1LN
769,En La Intimidad,Ozuna,8,5924,153,0QetVR4wwvyiTezQeFNdeZ
770,Otras Se Pierden,Morat,8,8883,87,3SvbcJH2seu1zs0PMjPS6F
771,Mala Mujer,Orquesta Zaperoko del Callao,8,6295,138,2tGFjU4VQhhdwRWR1msozl
772,Como Yo Te Quiero (feat. Alexis & Fido),Maite Perroni,8,9235,113,6x2js4gDZlpkNBbsAxolBs
773,Fuiste Tú,Ricardo Arjona,8,5883,175,29csiYMOfBmLmGwxmISrMy
774,El Perdedor,Maluma,8,6482,97,1iEwyiSLAunPR6uouANE0O
775,Nothing On You (feat. Paulo Londra & Dave),Ed Sheeran,8,31911,49,2qRN7PWiHRLprw4FpDeI9N
776,All The Stars (with SZA),Kendrick Lamar,8,9488,124,2Imq77E6CEJR5TPUxlJvTY
777,Bloqueo,Lele Pons,8,9768,146,2VWKS0DtLjB6rP4iCue0nS
778,Hasta Que Salga el Sol,Ozuna,8,28395,58,0dDboLfmRNsTBscy4j3Rnl
779,rockstar (feat. 21 Savage),Post Malone,7,8231,150,0e7ipj03S05BNilyu5bRzt
780,Pasarela,Ñejo & Dalmata,7,9576,101,1MfqPCs3Y722VK6zkWZ98Z
781,Vente Pa' Ca - Urban Remix,Ricky Martin,7,7462,108,3pI6VigoXHkcL3VYLJfBhq
782,Caliente,Darell,7,9574,98,4pN7yDeBmmAud5lBtuCsVs
783,Solo Dance,Martin Jensen,7,5655,162,6HUnnBwYZqcED1eQztxMBN
784,En Ésta No,Sin Bandera,7,5839,158,1zRqRmZyE0bgXkSoVVaCwK
785,Old Town Road - Remix,Lil Nas X,7,9599,153,2YpeDb67231RjR0MgVLzsG
786,Tabaco Y Chanel,Bacilos,7,7142,161,48svUiwMMYQRPyesVEnof1
787,Ahora Dice - Real Hasta La Muerte Remix,Chris Jeday,7,9619,67,1fs9kTASuC9RJ9say6KX2K
788,Issues,Julia Michaels,7,6441,135,1sXUWdKx03aP9Gmzft58rt
789,bury a friend,Billie Eilish,7,9974,112,4NzMOnvSJVNKF7nw5NkXIP
790,"Soy Peor Remix (feat. J Balvin, Ozuna & Arcangel)",Bad Bunny,7,9611,103,4UG962ViiLqoUyx0RjCcwP
791,Será,Los 4,7,8594,117,3T78MuPw5YYeSD6sgzEvGq
792,Dusk Till Dawn - Radio Edit,ZAYN,7,8883,138,1j4kHkkpqZRBwE0A4CN4Yv
793,Don't Wanna Know (feat. Kendrick Lamar),Maroon 5,7,7069,171,2QbFClFyhMMtiurUjuQlAe
794,Tengo Todo Excepto A Ti,Luis Miguel,7,8701,66,0lTd7gKAWVz1yVKVkQXBPm
795,Perreo en La Luna,Rich Music LTD,7,31316,54,0RDgqtvOHLwcI6yz9bjsZV
796,Demasiado Tarde,Micro TDH,7,17246,113,5KFx45L84KmBINWLh6TEiL
797,Aute Cuture,ROSALÍA,7,9736,116,7dQFpbs34ufIEU745DVclf
798,Blanco,J Balvin,7,33540,52,2rc7BkzO8qepMFAxHtOrXc
799,Lean On (feat. MØ & DJ Snake),Major Lazer,7,5560,113,4WjH9Bzt3kx7z8kl0awxh4
800,Tan Fácil - Urban Remix,CNCO,7,6169,109,6ZvmnulA6jJY3lvveuCz77
801,Que Raro,Feid,7,8535,86,3kg9JvQe6QJFKUQCN1oIQz
802,Fantasias - Unplugged,Rauw Alejandro,7,23109,76,6qqd7DGn2VXzxsR4k3Ycun
803,Lento,Thalía,7,9052,75,31dIPeytivJSNsEqeyVyfW
804,No Promises (feat. Demi Lovato),Cheat Codes,6,9472,103,1louJpMmzEicAn7lzDalPW
805,Quiero Que Vuelvas,Alejandro Fernandez,6,9336,84,2Zw7rSucHm0MIph9gmNiSn
806,Trumpets,Sak Noel & Salvi,6,6373,124,5dH7o4TP3HYLvCjo4QAhhv
807,Cuando Calienta El Sol,Luis Miguel,6,9583,91,3hVaK0zn3sVWWY8TvN1Te5
808,How Do You Sleep?,Sam Smith,6,9119,143,6b2RcmUt1g9N9mQ3CbjX2Y
809,On My Way,Alan Walker,6,9704,147,4n7jnSxVLd8QioibtTDBDq
810,Perfecta,Feid,6,8759,125,5gH9CSkFW45IjfocI8MPsb
811,Mariposa Traicionera,Maná,6,8547,167,0Pjsm4AaJGPOXHoB6xCgJB
812,Sin Querer Queriendo (feat. Mau y Ricky),Lali,6,9880,123,5rUNrHC5b0oYanaw370Ncz
813,Chandelier,Sia,6,5280,133,4VrWlk8IQxevMvERoX08iC
814,La Alergia,Donny Caballero,6,8772,109,5lhd4w1RZz38EcwxAFSgZO
815,Mi Buen Amor,Mon Laferte,6,9004,119,28UP90XhjCovLtieduYr9P
816,Happier,Ed Sheeran,6,6646,125,2RttW7RAu5nOAfq6YFvApB
817,Too Good,Drake,6,6726,84,11KJSRSgaDxqydKYiD2Jew
818,Look At Her Now,Selena Gomez,6,40799,45,4yI3HpbSFSgFZtJP2kDe5m
819,Quédate - Remix,Andy Rivera,6,6566,143,5zke2XVsA1jZADDgXtIomh
820,Hymn for the Weekend - Seeb Remix,Coldplay,6,7692,82,1OAiWI2oPmglaOiv9fdioU
821,Destino o Casualidad,Melendi,6,7053,179,02IJFWVjLSM811RsySQusA
822,Si Te Dejas Llevar (feat. Juanka),Ozuna,6,5091,122,7rDi4fIeHSM3KAUYAKYMMN
823,Too Good At Goodbyes,Sam Smith,6,8653,131,1mXVgsBdtIVeCLJnSnmtdV
824,Otra Noche en Miami,Bad Bunny,6,9683,107,4vCAzANUWDE24URV6wQ4ra
825,Supuestamente,Ozuna,6,9507,97,1ZBU5DSoYQwaZVgep6pfn2
826,Fake Love,Drake,6,6215,103,343YBumqHu19cGoGARUTsd
827,Apostemos Que Me Caso (En Vivo),Grupo 5,6,7136,160,494qe5eZ0Es0ImrbNza0n3
828,Ruleta Rusa,Kevin Roldan,6,9035,65,77KHmKnBmVGTjRCeMVXpWH
829,Nuestro Secreto,Carlos Vives,6,8395,136,2sBTBHbqkwz0qSDhKsQ4OQ
830,Calma,Pedro Capó,6,9868,147,6aLJnupvPpT9HLv3xaUhe1
831,Tu Foto,Ozuna,6,9012,18,0Szp49tpFasIjX04Mcsydp
832,No Brainer,DJ Khaled,6,9653,84,5WvAo7DNuPRmk4APhdPzi8
833,Balenciaga,Dominion,6,8288,166,2YWgPHZSzjfkh2dPsEuaTm
834,All We Know,The Chainsmokers,6,5944,110,2rizacJSyD9S1IQUxUxnsK
835,Work,Rihanna,6,7645,67,14WWzenpaEgQZlqPq2nk4v
836,Still Got Time,ZAYN,6,6914,157,000xQL6tZNLJzIrtIgxqSl
837,Eres Mía,Romeo Santos,6,9217,166,6I86RF3odBlcuZA9Vfjzeq
838,Amor y dolor,Carlos Baute,6,8832,89,4efQTJSX6Jca1hHZNi74Zd
839,First Time,Kygo,6,9794,93,2Gl0FzuLxflY6nPifJp5Dr
840,Chica Bombastic,Wisin & Yandel,6,15446,126,0PabDDMMzwmn9cfJsfes7W
841,Treasure,Bruno Mars,6,7752,132,4G2Hbfwvn3oH7LxxPXjjGn
842,Hello,KAROL G,6,6242,143,1PGENMzwUy16wlpZiuLS65
843,Cama Vacia,Ozuna,6,14051,99,6sR4WtcYJOCXzDsDfY9PwV
844,Te Soñé de Nuevo,Ozuna,6,20142,72,7lR4UmEDJ1ngczVX2NiNi4
845,"How Far I'll Go - From ""Moana""",Alessia Cara,6,5713,136,5hYTyyh2odQKphUbMqc5gN
846,Mercy,Shawn Mendes,6,6513,96,4TZy1wLyHec06pwgFYDh1a
847,Noche Loca,Marama,6,6259,144,0gzcET27nREY6aD8LJU9wD
848,Vete,Bad Bunny,6,97971,4,5DxXgozhkPLgrbKFY91w0c
849,Llégale,Lunay,6,9966,175,4vK8Kvyw1mabkMXJqbZOZT
850,Loco Contigo (with J. Balvin & Tyga),DJ Snake,6,27953,56,1f38Gx6xQz6r4H1jGVNBJo
851,Vine a Buscarte - Remix,Fonseca,6,5299,160,2P1Pb4175a48zOzs24ANaM
852,Pumped Up Kicks,Foster The People,6,4983,147,7w87IxuO7BDcJ3YUqCyMTT
853,Detente,Mike Bahía,6,48282,32,0x1k6gSTSxaLxe0F2IThaX
854,Gan-Ga - Remix,Bryant Myers,6,21405,89,27qRmG3zOWPvMYUkpPdQ1g
855,Bellaquita - Remix,Dalex,6,73968,12,1Xnn1TPyr5h0hpRAT4B4EA
856,Please Me,Cardi B,6,9756,124,0PG9fbaaHFHfre2gUVo7AN
857,Chicharrón,Guaynaa,6,13599,142,5UVa8Qqb9L1dVxl3jKQ5J1
858,Me Reclama,Mambo Kingz,6,6968,92,4ojwGTehgBRAg52jbFgzJg
859,Mala,Reykon,6,9041,123,19GAbd0QO9vic4TmHU3OFg
860,Ya Es Hora,Ana Mena,6,8380,157,7EhLfrKAUXOjVGkfVyXMdK
861,Bad Things (with Camila Cabello),Machine Gun Kelly,6,6156,126,1PSBzsahR2AKwLJgx8ehBj
862,Baila Conmigo,Juan Magán,6,8582,89,772io14jrMTxGJbijtDccQ
863,Killer Queen - 2011 Mix,Queen,6,9316,77,7GqWnsKhMtEW0nzki5o0d8
864,Obsesionado,Farruko,6,5351,145,5Jt4zdXTd9y1zxihiNYQI1
865,Me Voy Enamorando - Remix,Chino & Nacho,6,5177,142,0nfBKG11Wv2bK8cPjMU5VB
866,La Bicicleta - Remix,Carlos Vives,6,8224,87,7IRuf7FrdQvOGs0g9mSNGr
867,In My Blood,Shawn Mendes,6,7730,74,21YnmkSDhUkmkkni22Svc4
868,Quiero Contigo,Anna Carina,6,8564,174,1w3BZJU79LB7PIwZRLloob
869,Me llamas,Piso 21,5,6100,94,3jpqMaJREkmVDYlRvW1qWC
870,Dancing With A Stranger (with Normani),Sam Smith,5,9329,168,6Qs4SXO9dwPj5GKvVOv8Ki
871,Dime Cuantas Veces,Micro TDH,5,9666,143,4t8YQE2FIpTIq9SxeuOuuP
872,Romance,Nacho,5,7446,157,2ljGNdaz00VLUfqVfJjCAb
873,Que Tengo Que Hacer,Lil Silvio & El Vega,5,5741,172,4Em3eWrj8aSyGIE5lGHgMd
874,Black Beatles,Rae Sremmurd,5,5729,106,6fujklziTHa8uoM5OQSfIo
875,Embriágame (feat. Don Omar) - Remix,Zion & Lennox,5,4806,142,1WOJTQfNUEkLlsinPP95VM
876,Into You,Ariana Grande,5,4712,141,7yHEDfrJNd0zWOfXwydNH0
877,bad guy (with Justin Bieber),Billie Eilish,5,9771,62,3yNZ5r3LKfdmjoS3gkhUCT
878,Ven y Hazlo Tú (feat. Arcángel),Nicky Jam,5,23825,62,3NbwRR74N1FykCWETcEk3j
879,The Greatest (feat. Kendrick Lamar),Sia,5,5426,124,7xHWNBFm6ObGEQPaUxHuKO
880,Privado,Rvssian,5,5454,164,11zRKpjEZwmcBBBGzB4pMn
881,Old Town Road (feat. Billy Ray Cyrus) - Remix,Lil Nas X,5,9761,161,6u7jPi22kF8CTQ3rb9DHE7
882,Dispuesta (feat. Feid & Helian Evans),Mario Hart,5,5278,168,5xEuL50ob6ehTh4epqdbzq
883,Pretend,CNCO,5,9924,149,78Nyf6RlqBANlMhSnKyClT
884,Déjame te explico,Reykon,5,7488,137,7jzpAD8q77nwEmSsqUeUjy
885,Historia Entre Tus Dedos,Los 4,5,7632,28,4QiiB6waaWHi19TxR2lwf4
886,Cómo Te Atreves,Morat,5,8721,154,2z0EshEO4XptiepEb9j3Og
887,No Money,Galantis,5,5061,123,0gb1J5UrTpzaU1s3nupgCd
888,Uptown Funk,Mark Ronson,5,6507,147,32OlwWuMpZ6b0aN2RZOeMS
889,Perfect Strangers,Jonas Blue,5,4850,136,1CUVN2kn7mW5FjkqXTR2W1
890,200 Mph,Bad Bunny,5,9755,118,5jGUJXnELDaDTgiRjD9lsg
891,Qué Me Has Hecho,Chayanne,5,8741,111,3nUNwSYEUv9bmUc3de0Owv
892,MALA SANTA,Becky G,5,14852,130,5e50NiIlOc2YJIftHzoehd
893,Tell Me You Love Me - Spanish Version,Demi Lovato,5,8674,54,2scOpCkXHdjx5Pba0T1S68
894,Soltera (Remix),Lunay,5,99769,7,2qMnZF5Ja2WvmfbblByQza
895,Te Esperé,Jesse & Joy,5,8762,94,6SFtimpTgM5wdYqTalvtFy
896,boyfriend (with Social House),Ariana Grande,5,20236,79,0Ryd8975WihbObpp5cPW1t
897,Psycho (feat. Ty Dolla $ign),Post Malone,5,7385,174,3swc6WTsr7rl9DqQKQA55C
898,Perdón,David Bisbal,5,9614,121,4iCJFRTRsFlj4UWoEd7bS9
899,Kiss and Make Up,Dua Lipa,5,8791,116,13hvHEstJ4sNbzdroPrPI3
900,Condenado Para El Millón,Paulo Londra,5,9786,138,4bSCJTXKPSb63oyOteNLSR
901,Quiéreme - Remix,Jacob Forever,5,8555,142,782JmkLy6uVD8MW0EJrih9
902,Fantasía,Ozuna,5,24776,66,40rXWke6SnXiGkSmaT8ZUr
903,Jackie Chan,Tiësto,5,9022,152,4kWO6O1BUXcZmaxitpVUwp
904,Voy Por Ti,Cali Y El Dandee,5,21635,86,2sRhe52xJklfzRIe0K6puw
905,Satisfacción,Nicky Jam,5,9341,95,21WvAGxPUNJARcZoSqswd7
906,Better Now,Post Malone,5,8213,158,7dt6x5M1jzdTEt8oCbisTK
907,Dime tú,Danny Ocean,5,14685,140,6z8sQFj47s9ZG0Ls1k9Gct
908,Ocean (feat. Khalid),Martin Garrix,4,9975,128,3nc420PXjTdBV5TN0gCFkS
909,Loco,Leslie Shaw,4,6572,126,1B6vX1K00WoomITx17JuVG
910,Todo el amor (feat. Maluma y Wisin),De La Ghetto,4,8681,168,6s4B7PI38N8xmKdCqc14Q8
911,Cuando Me Acerco A Ti,Danny Ocean,4,9907,150,1Q4DK5GLldkubj5GtCzbs7
912,ODIO,J Balvin,4,36814,42,7alOsNr36sJ8CyOEP4aILq
913,Buttercup,Jack Stauber,4,9803,181,2mlGPkAx4kwF8Df0GlScsC
914,Swing (Bonus Track),Danny Ocean,4,8882,76,5zUGr7GcNo7UNjvkNYkjiH
915,I'm the One,DJ Khaled,4,15358,55,72Q0FQQo32KJloivv5xge2
916,Pa Mi (with Ozuna),Tory Lanez,4,9291,105,0CYLDwvvpJQySLA5CvqvSl
917,Bronceado,Marama,4,4493,150,4smbzhaRt7EYwO73SmFXyR
918,Suave,Luis Miguel,4,8290,108,4p7XH4NhQ25iGYrrbg93gt
919,Lobo-hombre en París,La Unión,4,8174,187,3M1H1CWjrSq7nxABHc8EXv
920,IDOL,BTS,4,9430,65,03iCbZaM4OkRR4We6wIzvx
921,FRESH KERIAS,Feid,4,12986,171,6TvNO32huOBlWG5o69i1v7
922,All Night,The Vamps,4,5311,178,1yNyoWWWikbLhwIGWjZuDW
923,Siempre Papi Nunca Inpapi,Luigi 21 Plus,4,9257,160,2N8qVDq1MI0wKHngJMLlbZ
924,Malibu,Miley Cyrus,4,17621,51,2habSXqcJGExM6JJyskY7O
925,Fría Como El Viento,Luis Miguel,4,8157,115,2J4qy8RyfwgXHt73cWOE6P
926,Bebé - Remix,Brytiago,4,9014,104,2jVJYU4X3aD8hlTco3MlsN
927,Olha A Explosão - Remix,MC Kevinho,4,7978,184,5RBW30fFFVav2n0IqFj0fY
928,You Need To Calm Down,Taylor Swift,4,9938,107,29fRTIKsJhLUJoldM89GZS
929,This Is America,Childish Gambino,4,8714,122,0b9oOr2ZgvyQu88wzixux9
930,wish you were gay,Billie Eilish,4,8952,103,3Fj47GNK2kUF0uaEDgXLaD
931,Bola Rebola,Tropkillaz,4,9522,156,1OUPXna2MCgAt3VNmXJBtg
932,Recuerdos (Remix),Juhn,4,11815,151,2MsIbNboEVduidfmcThA0U
933,Radio Ga Ga - Live Aid,Queen,4,12257,105,0YwBZKT8JE4U5TwmYE9BV9
934,Crazy Little Thing Called Love - Remastered 2011,Queen,4,9450,109,6xdLJrVj4vIXwhuG8TMopk
935,We Are The Champions - Remastered 2011,Queen,4,9996,138,1lCRw5FEZ1gPDNPzy1K4zW
936,The Cure,Lady Gaga,4,7106,147,51PIvodunv6NmX5250zxAh
937,La Romana,Bad Bunny,4,9407,155,1khmgu0pveJbkbpbkyvcQv
938,"Tu No Metes Cabra Remix (feat. Daddy Yankee, Anuel AA & Cosculluela)",Bad Bunny,4,7543,151,0QQNA8bZqefrGfsShzlZkb
939,Moonlight,XXXTENTACION,4,8160,76,0JP9xo3adEtGSdUEISiszL
940,23,Maluma,4,7821,144,6iHkZiRJcULoqasbboOgig
941,Por Favor - Spanglish Version,Fifth Harmony,4,8824,126,2vHDurkzJ8dhCzoPzqiE2C
942,Youngblood,5 Seconds of Summer,4,9041,114,2iUXsYOEPhVqEBwsqP70rE
943,Maldita Abusadora,Paulo Londra,4,9970,72,2l7CpLcHxJeiWibGWftnew
944,Thunder,Imagine Dragons,4,7351,144,0tKcYR2II1VCQWT79i5NrW
945,I Love It (& Lil Pump),Kanye West,4,9573,94,4S8d14HvHb70ImctNgVzQQ
946,Panda,Desiigner,4,4769,134,5OOkp4U9P9oL23maHFHL1h
947,Desde el Corazón,Bad Bunny,4,9138,106,1R2mapMAUiYqre6jcFX57g
948,Comerte A Besos,Justin Quiles,4,9545,123,3ffOuCtt8HjBwOsMbnzqTO
949,Y Yo No Sé,Paulo Londra,4,9773,78,5tCIr5bTv77OTVBvwLtlSM
950,A Mí No,Greeicy,4,9550,163,5UJ0ekAw8exus0fvaUWSZ8
951,Si Me Ves Con Alguien,Leslie Shaw,4,9015,121,0GY6fpwqKAeNhZDRljl09k
952,Con la misma moneda,Josimar y Su Yambú,4,6941,191,4rUDCt0qjDoXXeqsAJAltH
953,Pray For Me (with Kendrick Lamar),The Weeknd,4,7369,168,4ofvoCdXq99vpMZO4Cfp8x
954,Picky,Joey Montana,4,4607,139,4tPL9PeVZY4c0jUPtSD5nx
955,Andas En Mi Cabeza - Remix,Chino & Nacho,4,5778,140,733ybNEEEXHYxfk8sK6MRO
956,Beautiful People (feat. Khalid),Ed Sheeran,4,9908,90,4evmHXcjt3bTUHD1cvny97
957,Detective,Rauw Alejandro,4,9592,140,5lFl0Aksww4t4CGiYYtpZz
958,Memories,Maroon 5,4,12484,162,2b8fOow8UzyDFAE27YhOZM
959,Querido Amigo,Paulo Londra,3,9958,84,34w1ycoersTjtBsRQsKzgT
960,Romeo y Julieta,Paulo Londra,3,9974,80,3lSfq8WiDcQXEn8sqHCTZZ
961,Mayor Que Yo 3,Luny Tunes,3,4637,148,0bMRpUsk1IWi5O2NIkWsqR
962,Karma,Sky,3,8548,124,14WIiWOJXL5VkX1zpt87Ed
963,Magia (feat. Sebastian Yatra),Andrés Cepeda,3,9706,121,6xAhkN7uE1qdhPa8jZwhTb
964,Tequila,Juanes,3,15621,124,02lGHA7bFFplYLihnUWTx8
965,Hotline Bling,Drake,3,4103,164,2FBUoWkIuQXwayw2RNo5l6
966,Hello,Adele,3,5336,172,4sPmO7WMQUAf45kwMOtONw
967,Visto a las 00:00,Cazzu,3,9316,122,0m1zfGk4oYfj4NxBLNheHZ
968,La Venenotza,Temple Sour,3,18534,91,1cJOIz4wOkjrIVChFRFqiz
969,Fuck Love (feat. Trippie Redd),XXXTENTACION,3,8894,87,7AQim7LbvFVZJE3O8TYgf2
970,24/7,Becky G,3,12632,173,5q4VCiu0mpLX3ObuZ77CYc
971,DDU-DU DDU-DU,BLACKPINK,3,8954,115,7b8YOVV5quZcSKEijDgyWB
972,If I Can't Have You,Shawn Mendes,3,9409,110,6LsAAHotRLMOHfCsSfYCsz
973,Don’t Matter To Me,Drake,3,9816,113,36ONiya0OANYknz0GgJmwB
974,Fantasía,Sebastian Yatra,3,9944,91,3vytOevJomYPaAZM2OXwn5
975,ME! (feat. Brendon Urie of Panic! At The Disco),Taylor Swift,3,19891,69,4Sib57MmYGJzSvkW84jTwh
976,Encantadora,Yandel,3,4252,159,7LABrQFfRYcZUqUwng0Heb
977,The Greatest,Sia,3,4822,128,6bLopGnirdrilrpdVB6Um1
978,Lost on You,LP,3,9962,150,3SqvR3HYLlCTYzbDXJ52OC
979,Imaginaste - Remix,Jhay Cortez,3,13782,157,56BAJvpaWgvr6C4wmc37iU
980,Falling Down - Bonus Track,Lil Peep,3,9355,146,0Dn40gxVCMo5TkgS8Ik18Q
981,Can't Feel My Face,The Weeknd,3,4378,156,6RsWqX8zABZLhZydXxEFOm
982,Imaginate,Rich Music LTD,3,12222,179,29ShXDWDedEwZkYc8Du08N
983,"Tumbando el Club (feat. C.R.O., Obiewanshot, Ysy A, Cazzu, Khea, Lucho SSJ, Coqeéin Montana, Marcianos Crew & Duki) - Remix",Neo Pistea,3,9828,169,0OWcpVA83HI8Pb5DybDuoX
984,Caso Perdido,Manuel Turizo,3,18246,85,4o7sjNZ3EtL7b8CDalIAlo
985,Una Cerveza,Rafaga,3,4288,153,3LNZSTiwQYL7BnTfHvIOII
986,Amor Completo,Mon Laferte,3,9947,127,00kIWJu9IHiQ6i0qJAU0Z9
987,Back To You - From 13 Reasons Why – Season 2 Soundtrack,Selena Gomez,3,7820,178,4hQ6UGyWQIGJmHSo0J88JW
988,Dime Que Si,Orquesta Caña Brava,3,13410,159,5Yht4UAfwqhsOCs35QQW8L
989,Cheap Thrills (feat. Sean Paul),Sia,3,4089,175,378iszndTZAR4dH8kwsLC6
990,Like I Do,David Guetta,3,7896,170,6RnkFd8Fqqgk1Uni8RgqCQ
991,Olvídame y Pega la Vuelta,Jennifer Lopez,3,6720,126,2tergQtVsHUBYlL76Kx93c
992,CUIDAO POR AHÍ,J Balvin,3,9712,45,6SYSu569pfYdkDT9A5lZqi
993,Se Acabó el Amor - Urban Version,Abraham Mateo,3,7195,162,37ZbdPsSjAZjPTVKPi8Dii
994,Chantaje,Shakira,3,34805,18,1WniHvhq9zTkny0WvGXX8o
995,Mi Regalo,Luisa Fernanda W,3,14274,98,1HXnsFHHSF4fy7wPZCzghx
996,I Want To Break Free - Single Remix,Queen,3,9432,149,2AkmdLbVKS1steeZdy8H1l
997,Un Millón Como Tú,Lasso,3,9260,92,619zlIsV7csW2h2narAoPC
998,Do I Wanna Know?,Arctic Monkeys,3,8815,98,3rq5w4bQGigXOfdN30ATJt
999,Fantasía,Alex Sensation,3,8383,92,2ZwFbSPQDdVIucGNQZbrE5
1000,Party (feat. A Boogie Wit da Hoodie),Paulo Londra,3,14984,128,5PDoWY5Av2Ba3rWIdY9Ij0
1001,Vai malandra (feat. Tropkillaz & DJ Yuri Martins),Anitta,3,8619,144,6u0EAxf1OJTLS7CvInuNd7
1002,Don’t Call Me Angel (Charlie’s Angels) (with Miley Cyrus & Lana Del Rey),Ariana Grande,3,28869,52,3NkJNL3WqO1Lqc3uNDxvCN
1003,Por Que un Hombre No Llora,Josimar y Su Yambú,3,7915,195,0dDvV01vF1xyVWzDwXAtJ7
1004,Lalala,Y2K,3,11833,169,51Fjme0JiitpyXKuyQiCDo
1005,imagine,Ariana Grande,3,8317,85,0todbbT9g5uQGbeFCiBf2F
1006,breathin,Ariana Grande,3,9687,94,4OafepJy2teCjYJbvFE60J
1007,Mi Gente (feat. Beyoncé),J Balvin,3,9219,122,7fwXWKdDNI5IutOMc5OKYw
1008,Without Me,Halsey,3,9138,182,5p7ujcrUXASCNwRaWNHR1C
1009,Un Ratito Mas,Bryant Myers,3,6477,169,21lnmphofXWWeSSx0PEMjc
1010,Reggaetón Lento (Remix),CNCO,3,9189,122,5PB8zB1MOZASboLquvinMF
1011,The One,The Chainsmokers,3,8347,115,0wfbD5rAksdXUzRvMfM3x5
1012,Y Es Que Sucede Así,Av. Larco,3,7608,125,2fJceuPJS8q4WGWzu8zQ2F
1013,Suna,Av. Larco,3,7549,129,6UG2xiJmkhnvNR4V9oUSIl
1014,Quizás,Rich Music LTD,3,47462,28,4AjWbAwRpxk2worpjNH5CS
1015,La llave (feat. Piso 21),Pablo Alborán,3,8911,71,0nJUoF6tA031X6zvX9ee4R
1016,"City Of Stars - From ""La La Land"" Soundtrack",Ryan Gosling,3,6586,128,0LtVx5vsq9nfpGsWgjUin6
1017,Yellow,Coldplay,3,4018,191,3AJwUDP919kvQ9QcozQPxg
1018,Si No Vuelves,Gente De Zona,3,6849,155,0PE1dlvMZeBqEbm4BtVVSZ
1019,Sexo (feat. iLe),Residente,3,9987,74,0j00zu3FKBWSu1Hyt2Ivcj
1020,Swish Swish,Katy Perry,3,8629,112,2kVHAQKVtczchKctctzbtK
1021,Ni Tú Ni Yo (feat. Gente de Zona),Jennifer Lopez,3,7097,162,5xMzazov0IHYllrc8U2K6F
1022,She Will Be Loved - Radio Mix,Maroon 5,3,6234,170,4llK75pXNWZz6KAho2Gp16
1023,Strip That Down,Liam Payne,3,8313,73,4Ro98RCK90oHqqSZUnTFq5
1024,Bad Liar,Selena Gomez,3,8860,52,1sCxVKWImDZSZKvG0U9B23
1025,"Enseñame a Soñar en Japon - Guaracha, Zapateo, Aleteo, Tribal y Circuit",Paithon,3,16080,127,3qyCRv2y8d8bmSpmbENOoC
1026,Crying in the Club,Camila Cabello,3,9569,51,1SJtlNRJDeYHioymcvsqev
1027,Adore You,Harry Styles,3,19466,96,1M4qEo4HE3PRaCOM7EXNJq
1028,Falsas Promesas,Sech,3,9609,185,6ATIufHUOw1R1A4q46BqrN
1029,Vivir Mi Vida,Marc Anthony,3,4059,181,3QHMxEOAGD51PDlbFPHLyJ
1030,Probablemente,Dani Darcourt,3,9124,100,1WEIBgyM5WofR7qk30gBzo
1031,Where Are Ü Now (with Justin Bieber),Jack Ü,3,6139,175,66hayvUbTotekKU3H4ta1f
1032,Enamórate De Alguien Más,Morat,3,25724,68,1fXKStjVOTmBEwjAnFSNkc
1033,Sigues Con El,Dimelo Flow,3,64981,16,7sQKy5vlPQllr0k9IjYJv3
1034,Música,DJ Luian,3,16591,115,4xvTPuwHaXoDM3p0QcY7bH
1035,La Revancha,Orquesta Zaperoko del Callao,3,5168,186,0mQSk6xodrjxStVkOvrd5h
1036,ROXANNE,Arizona Zervas,3,14158,140,696DnlkuDOXcMAnKlTgXXK
1037,Superhéroe (feat. J Balvin),Nicky Jam,3,6125,118,5o35aPa2xPLLC3rw7Hoc83
1038,MELÓN VINO,WOS,3,14560,132,5uHAzGa4d9j35DEbhUwGhi
1039,Without You (feat. Sandro Cavazza),Avicii,3,6769,75,6WbADFqMvR8N5u0BvtsWQE
1040,Waiting For Love,Avicii,3,7644,57,6nsLzJfvp5OLd4mgqUJkpq
1041,Djadja,Aya Nakamura,2,16471,113,7sKDftgGirHWTVFMtJoDoh
1042,Motor Y Motivo,Grupo 5,2,9984,183,2yjHvbMtfyoXXJYpsR3rYP
1043,"Trueno: Bzrp Freestyle Sessions, Vol. 6",Bizarrap,2,10794,164,1DckcUSLpCfYsD1htu4JnF
1044,Mala Fama - Remix,Danna Paola,2,12308,170,2DB6zSRFsXMx0hg2lLfYxi
1045,Lights Up,Harry Styles,2,16123,117,2plLJpUcYPFrl1sW2pMG63
1046,Hey DJ - Pop Version,CNCO,2,5966,157,2kAe8s00cKth2AfcLEbFi9
1047,Lover,Taylor Swift,2,15836,104,0bzbvANY6oETSJLc0wlVGY
1048,So Fresh,Paulo Londra,2,16800,104,4Egu7kAjEmygXrtX2n7AIV
1049,Lo Peor De Todo,Av. Larco,2,6406,161,5JcOnXBlEc5vvqzWUV74iP
1050,Avenida Larco (A),Av. Larco,2,6654,150,4Y8NTV4pSpMLgYje8H9vW3
1051,Despacito - Versión Salsa,Luis Fonsi,2,5893,149,26EI08m3IR11mqlIRq1Xdd
1052,Dile Que Tu Me Quieres Remix (feat. Yandel),Ozuna,2,5645,181,09QOedW1xozFDsXUI7jTeV
1053,Me Llueven 3.0,Bad Bunny,2,5754,175,7b59ZUw0TkGZuE0HNeiuc4
1054,美女と野獣,Ariana Grande,2,5792,163,1KT0xdIjm7t053xByACrrg
1055,La Cómplice,Alexis y Fido,2,5954,146,5ommnX8qOlbjRspCEFkn57
1056,Bon appétit,Katy Perry,2,9803,92,61WbtB6ujkpNAsAf5LjF4b
1057,C90 (Remix),John C,2,12936,163,2b6i9zx3ULzKrNWmyP0ePD
1058,La Difícil,Camilo,2,39427,46,0PaNKfwdqHjmW7hVEQ0lbu
1059,Slow Hands,Niall Horan,2,7207,143,167NczpNbRF7oWakJaY3Hh
1060,Chunky,Bruno Mars,2,6412,171,0mBKv9DkYfQHjdMcw2jdyI
1061,A Ella Quien la Vio Llorar Fui Yo,Los 4,2,6095,185,6XkXr8BWXRjBuOXPaIGdXl
1062,Sweet Creature,Harry Styles,2,8035,127,5kRPPEWFJIMox5qIkQkiz5
1063,Kemba Walker,Eladio Carrion,2,12312,140,38kLHBjtWJaPXcyFhwRVtI
1064,Un Beso,Los 4,2,5964,191,3eWVgBrMQB542QEDf73DvH
1065,Estamos Arriba,Bad Bunny,2,15249,95,0bCPJsVGDxPYwQMDZMi4NW
1066,Mi Religión,Yandel,2,5949,187,2bdD0eYH8XirjVAXq68JAN
1067,Toda,Alex Rouse,2,9872,184,2ZRIRIvlksw4LaC5g2ECGn
1068,ReBoTa,Guayna,2,26612,54,3LzJUPmudZeeJhUpeXYcuV
1069,There for You,Martin Garrix,2,8959,65,6jA8HL9i4QGzsj6fjoxp8Y
1070,Bon Appétit,Katy Perry,2,9163,104,14oOKFGuXu8DqvOe1W8vao
1071,FEFE (feat. Nicki Minaj & Murda Beatz),6ix9ine,2,7812,186,2E124GmJRnBJuXbTb4cPUB
1072,Me Quema,Paulina Rubio,2,5857,157,5k5HXMmbU31I6cMOWnMgSQ
1073,Egoísta,Ozuna,2,6300,189,4X3CV9rXo3hQrkb0fzRAux
1074,¿Quien Tu Eres?,Bad Bunny,2,8802,135,6kN06eEOblRAuWI0xUUS91
1075,The Nights,Avicii,2,8631,104,0ct6r3EGTcMLPtrXHDvVjc
1076,Bailar Contigo,Monsieur Periné,2,8936,105,29iNhnoFkQBvOlUKn2io14
1077,Eres,Café Tacvba,2,7927,177,6kdCN6gTWLcLxmLXoUcwuI
1078,Nice For What,Drake,2,8655,152,1cTZMwcBJT0Ka3UJPXOeeN
1079,Es Tarde,Juanes,2,9556,112,3ktSe2NHl8RO1Fjh7mcvam
1080,Havana,Camila Cabello,2,22954,47,0ofbQMrRDsUaVKq2mGLEAb
1081,Hermosa Ingrata,Juanes,2,5582,156,3H0Vda4LvcNlwRQpNd8MHJ
1082,El Anillo - Remix,Jennifer Lopez,2,8620,151,3wyMqxd4rILBpYlpQRQ58h
1083,Otra copa (feat. Farruko),Justin Quiles,2,5649,152,5KX51uLJYo1S1MmITG7lHD
1084,Pasado y Presente,Ozuna,2,9849,144,6NPjHwhEG7eQUQBoPFBrnz
1085,La Carretera,Prince Royce,2,7320,114,2yvjjJrWzVzA2zg4VsoEmo
1086,Ese Estúpido,Daniela Darcourt,2,9600,141,7qgpXyeZImEp7JoYt2r2JG
1087,Una en un Millón - Remix,Alexis y Fido,2,4961,174,2BesEfIHzUb7viZwUkSAhE
1088,Hasta Que Me Olvides,Luis Miguel,2,9610,136,6vPAmoERUMRoTZaCCSWQ12
1089,Un Hombre Busca a Una Mujer,Luis Miguel,2,9918,124,3ZRUhvuUE2lwZF19puKM8P
1090,5 Letras,Alexis y Fido,2,8882,147,0tDSgSmZsbxCkdkfUPjg59
1091,All I Want for Christmas Is You,Mariah Carey,2,8939,173,0bYg9bo50gSsH3LtXe2SQn
1092,Hey Brother,Avicii,2,8010,89,3zKST4nk4QJE77oLjUZ0Ng
1093,I'm Yours,Jason Mraz,2,8178,191,3S0OXQeoh0w6AY8WQVckRW
1094,A Cámara Lenta,Abraham Mateo,2,9730,149,5Bgxe0N4DlrZx37FBmBB7o
1095,Antes De Ti,Mon Laferte,2,7372,172,5IkOnAKGDJT5M8KpFIHzsd
1096,Lo Malo - Remix,Aitana,2,8758,169,7vHzOI0lrq6dXsHuQWpBpT
1097,Cámara Lenta,Paulo Londra,2,8623,197,0DFxA6i4yu8AORcdPrDEmd
1098,One More Time (Otra Vez),SUPER JUNIOR,2,8260,90,1Zz7lQOhWPYh8dNQCwVkdG
1099,La Modelo,Lean Trap,2,12684,89,76DNqvSyzL9VCkhlnByqLf
1100,El Granjero,Arcangel,2,7055,170,7k3SjypJ8lF9WWu8Op0We0
1101,Waste It On Me (feat. BTS),Steve Aoki,2,7918,75,2r1T6xGTVaNAqBoPH4lZEE
1102,Let Me,ZAYN,2,7283,169,7Fg342AJtNsIDdwCfX0paC
1103,Aura,Ozuna,2,7974,81,1AVu7Kc2MRrLfOG1RCEf07
1104,Punto Y Aparte,Morat,2,7276,109,6z1wOs7wdx5HSn6PMDoc4s
1105,Real Friends,Camila Cabello,2,8924,74,3iq9nhbI8fcnNamxMft1uv
1106,Usted No Sabe,Bamboleo,2,8800,191,35CmU6oPcyuzqxUk1nD5FJ
1107,"Mujeres (Mozart La Para, Justin Quiles, Farruko, Jowell & Randy) - Remix",Mozart La Para,2,9088,175,1AKP5JySgNsr2Y04z1yGHJ
1108,Levels - Radio Edit,Avicii,2,15673,68,5B03nSG8pLE48jh7kmasuL
1109,Tengo Todo Excepto a Ti,Luis Miguel,2,8891,153,27XboT5Wb8VOn7A0heo3Ei
1110,Quédate Conmigo,Chyno Miranda,2,6280,191,0a9b4sUavOWgyc9jeScv7Y
1111,The Spectre,Alan Walker,2,6192,196,2DGa7iaidT5s0qnINlwMjJ
1112,Qué Gano Olvidándote,Reik,2,3963,193,7iXRsjttPa62GpOcqsx1aE
1113,¿Qué Tiene?,Ximena Sariñana,2,9384,88,2vNDq5XAoF4Gl4hfY7aacS
1114,Hijoepu*#,Gloria Trevi,2,9924,161,7hvGyCjepdwN1wk3lK6J6k
1115,Peligrosa,J Balvin,2,6947,106,3Nkqp3NSGWMXVVO08zGpN7
1116,Airplane pt.2,BTS,2,8220,64,1trFxVLL8WKhYap543e74l
1117,Kill Em With Kindness,Selena Gomez,2,3986,185,7KxhSJOYiqCDclXDBNlFSZ
1118,Sorry - Latino Remix,Justin Bieber,2,4165,176,0XXLwO7YHHTAK3OJkWQ37b
1119,How Deep Is Your Love,Calvin Harris,2,3937,187,22mek4IiqubGD9ctzxc69s
1120,Si Me Das Tu Amor,Carlos Vives,2,9340,184,1O34fFJyV7djSqRtOuRSVh
1121,Jamais Vu,BTS,2,9391,55,0eeeyCAGnGZInPtpkdYiPa
1122,Bohemian Rhapsody - Remastered 2011,Queen,2,8041,164,1AhDOtG9vPSOmsWgNW0BEY
1123,Vuelva A Ver - Remix,Dalex,2,9714,185,0GrGfs8ldZRWOrksG5uraH
1124,Se Acabó,Sanluis,2,3994,188,7BHNaG7YZHjGbAAqIHQzNf
1125,Año Nuevo Colan 2017,DJ Krlos Berrospi,2,4272,151,6F8T0ZBpaYt9tTWlVGQRsr
1126,when the party's over,Billie Eilish,2,7206,151,43zdsphuZLzwA9k4DJhU0I
1127,Intro : Persona,BTS,2,8459,60,2isSdmQfVv32j2haL6hk9x
1128,The Truth Untold,BTS,2,7209,61,48XfojJC87VKLlUotYV0Gm
1129,Vacia Sin Mi,Ozuna,2,9346,189,4l0O19WwpjzbDGkdFtkQ6W
1130,Magic Shop,BTS,2,8122,92,22ryCgQttpV7oCrn7llGRu
1131,Mikrokosmos,BTS,2,35876,44,5hnbE5BF2e8BCk9OMR1UVC
1132,Mírame,Nio Garcia,2,9564,171,36dhj3CSJ2gsED35rBswno
1133,Elevate,Drake,2,9873,113,4uloft7ZE54WflsuqFmjC7
1134,Emotionless,Drake,2,9037,127,1v1IXPXl73Z7zy6f5tUa9n
1135,Make It Right,BTS,2,34823,47,6KUE0HSSudAp9AOycaF6SH
1136,HOME,BTS,2,34008,49,7lthOBXNue2IvedLRfkod8
1137,Consejo de Amor,TINI,2,7726,165,1zHQ5gjJoNxT4RYFmGEWuo
1138,Bebesita,KAROL G,2,9998,161,69XHHNUwwgm7I0dlfqaGJS
1139,Dionysus,BTS,2,31213,54,6JdS5rJvJaRA7B1tcm7kxZ
1140,Boomshakalaka,Dimitri Vegas & Like Mike,1,12472,163,4yb5Z9dwnKhO9gC0AZQYDe
1141,Locos Dementes,Gusi,1,12936,154,1avccdZyIOpCisznKwu47H
1142,HIGHEST IN THE ROOM (feat. ROSALÍA & Lil Baby) - REMIX,Travis Scott,1,12212,171,7h0d2h0fUmzbs7zeFigJPn
1143,"BOTA FUEGO (feat. Dímelo Flow, Justin Quiles & Lenny Tavárez) - Remix",Mau y Ricky,1,12087,174,4MxYiw28F30NGOaTZ1ySqd
1144,Intro: Singularity,BTS,1,10982,114,6ePyl2ns4b7MVYhjsj32ZK
1145,Golden Trunks,Arctic Monkeys,1,8107,160,0U6Vg6RUmzADUO0Y9fVKft
1146,El Aventurero,Josimar y Su Yambú,1,11139,196,4bNBMHi23bTbNi3iWbG8te
1147,Outro: Tear,BTS,1,10739,117,5p10VwQ8LRoyTc8LFrvPw6
1148,Sangria Wine,Pharrell Williams,1,7848,167,6XlSyYFTU1nodeWwwzVgTV
1149,La Protagonista (En Vivo),Josimar y Su Yambú,1,8105,145,4Gh1KUD3RAN2Obvms7YOok
1150,Lo Siento,SUPER JUNIOR,1,8227,140,2VVqxQhALecXvaArlZSVXr
1151,Sólo Yo,CNCO,1,6551,196,4JNV7HMbKr28YZiUvQTfIy
1152,A Dónde Vamos,Morat,1,10998,165,671sG3ETDxC3L6qcGIrHRM
1153,Wasted Times,The Weeknd,1,5465,189,72TyiiduRmczEbDIEtKQdR
1154,Delicate,Taylor Swift,1,6165,158,6NFyWDv5CjfwuzoCkw47Xf
1155,Try Me,The Weeknd,1,7191,122,2poOAWEj1CStqTVPgIHZ8s
1156,Lost In Japan,Shawn Mendes,1,9508,107,7wvYmO5QscgIDDT0eNwbYX
1157,Mi primer millon,Bacilos,1,6217,194,5fSDXbY8o9pA3TKwAbfwML
1158,Vibras,J Balvin,1,9215,129,2EEjiKbE4pAjX49TrBzw1X
1159,Mi Error - Remix,Eladio Carrion,1,13476,145,0lbhKycRyqkOMKZ6thzfU4
1160,Anpanman,BTS,1,12830,86,4lRwa7PKcGIuJMwtPIYKdy
1161,So What,BTS,1,11962,98,4CvId64YZSB0RfRdfzPIQU
1162,Infeliz,Arcangel,1,19290,91,4z6wo6PJG4Fve45OXK6D9m
1163,Four Out Of Five,Arctic Monkeys,1,10148,120,5Z5nbOXhsSbySVC7WUc6y9
1164,Tranquility Base Hotel & Casino,Arctic Monkeys,1,10180,117,2URDbWGmPz3vhagl25p8OC
1165,The World's First Ever Monster Truck Front Flip,Arctic Monkeys,1,7332,187,5rqQTEIVK2PTuXU9GI2wT0
1166,One Point Perspective,Arctic Monkeys,1,10433,113,1t67WYNfUxfOiwaz7SJ66b
1167,Star Treatment,Arctic Monkeys,1,11278,104,0b93tWwuoAC0nXe1CfR30I
1168,Déjala Que Baile,Melendi,1,11644,98,2KK9N6iBAisA0booTu3bGd
1169,Como Le Digo,KHEA,1,7212,193,2fxJDRmUMatqyZ6ZOQi7RD
1170,Una Noche Más,Mariah,1,13374,155,6leWDI4bYOmUJgQBU9pzpt
1171,Youth (feat. Khalid),Shawn Mendes,1,7118,177,3Wf2YGdYT8xVdNsQSoRKk9
1172,Brindemos por Ella,Los 4,1,6831,200,31bgzlGGlYHmqHmJayjRJ4
1173,De Música Ligera,Soda Stereo,1,11966,190,2WD9ggmpZE7Wodh3qVVCgg
1174,SUGA's Interlude,Halsey,1,17660,123,5a0nHa7F4S9hb0Zi0zLS8w
1175,We The Funk,Dillon Francis,1,8091,159,3dXWDwSl1Kooi0gPFizIud
1176,De las 2 (feat. Bad Bunny & Arcángel),Trap Capos,1,7014,193,4DS7HoqrKq1dDjeYOKBlu9
1177,Watermelon Sugar,Harry Styles,1,18585,104,6UelLqGlWMcVH1E5c4H7lY
1178,everything i wanted,Billie Eilish,1,18433,104,3ZCTVFBt2Brf31RLEnCkWJ
1179,Lonely Together (feat. Rita Ora),Avicii,1,10842,109,2OALaHcDdKkjYEpAr0Qzab
1180,134340,BTS,1,14004,74,38td8VabuKlQt72Q2VnhbO
1181,Paradise,BTS,1,13280,81,01dmH2IPkrLNWIMPNXlreE
1182,Golden,Harry Styles,1,12314,190,45S5WTQEGOB1VHr1Q4FuPl
1183,American Sports,Arctic Monkeys,1,8775,139,2HbYLDA1SigY1ilC94ieVu
1184,Love Maze,BTS,1,12730,89,645YBsxhFPSOKxGep3uHLv
1185,Magnetic,Monsta X,1,15728,125,4ZtiN13yPgoDtQB8TkIrv1
1186,Dispuesto (feat. Ozuna),Maluma,1,10417,170,0L3DcFGrGtixx5MmxJbJNI
1187,Shooting Stars,Bag Raiders,1,4915,195,0UeYCHOETPfai02uskjJ3x
1188,No Love (feat. Bryant Myers),Trap Capos,1,7378,171,1nmv9iVCFZ6xBHvoCXukqs
1189,In the End,Linkin Park,1,11483,84,60a0Rd6pjrkxjPbaKzXjfq
1190,BURN IT DOWN,Linkin Park,1,6135,188,7oVEtyuv9NBmnytsCIsY5I
1191,Two Ghosts,Harry Styles,1,6927,156,4B1rpPmQXwj78wk6aIGwwU
1192,What I've Done,Linkin Park,1,6963,154,4kfm1uI9QGaoN9qm6CkAMn
1193,Sweet Child O' Mine,Guns N' Roses,1,3604,196,7o2CTH4ctstm8TNelqjb51
1194,Como Yo Le Doy (feat. Don Miguelo) - Spanglish Version,Pitbull,1,3599,198,2MRv991PzjY2ecCluXoRq9
1195,Numb,Linkin Park,1,9624,102,2nLtzopw4rPReszdYBJU6h
1196,Rude,MAGIC!,1,3593,199,6RtPijgfPKROxEzTHNRiDp
1197,47 - Remix,Anuel AA,1,5811,196,6IoKSUyNOOheJRjiuGb1ew
1198,The Night We Met,Lord Huron,1,5624,196,6mORGLOz79w6VsCRLWYYuK
1199,I Would Like,Zara Larsson,1,4007,187,4Q4jmPHwu0wrJvqrld0FQ6
1200,Scars To Your Beautiful,Alessia Cara,1,3971,192,0prNGof3XqfTvNDxHonvdK
1201,Tú Sí Sabes Quererme,Natalia Lafourcade,1,7123,146,2gvhbU2mvwxITWzCI0q9CS
1202,Por el Momento (feat. Plan B),Nicky Jam,1,5600,125,1GZZELGFwWsi2oLE1v1eyQ
1203,Estrella,Nicky Jam,1,5386,136,4S2JBCs9FfFEJPLEf8YiE7
1204,One Step Closer,Linkin Park,1,5940,193,3K4HG9evC7dg3N0R9cYqk4
1205,Falsas Mentiras (feat. Ozuna),Los De La Nazza,1,3702,191,36JI0KHc591i9liHaFqDFG
1206,Want You Back,5 Seconds of Summer,1,8174,157,2Pvr8rYuh5J8V7QglJhH6W
1207,"I'm the One (feat. Justin Bieber, Quavo, Chance the Rapper & Lil Wayne)",DJ Khaled,1,16164,52,3DXncPQOG4VBw3QHh3S817
1208,Blockia,Bad Bunny,1,5670,194,3uPLiBTUgz7wrGJ2mw1rzM
1209,Mala Mujer,C. Tangana,1,6078,183,6puxHBNwu2Nmm7uD3Rd2MP
1210,"Know No Better (feat. Travis Scott, Camila Cabello & Quavo)",Major Lazer,1,6215,177,3Ytr1SUCUi6J3L9dRFx5iH
1211,Buscando Huellas (feat. J Balvin & Sean Paul),Major Lazer,1,6482,164,6urlj8N8TL3MK0ATNGIZYW
1212,Princesa (feat. CNCO),Río Roma,1,7450,138,0N4jis8aNOjiIfkBl4mGje
1213,2U (feat. Justin Bieber),David Guetta,1,15418,55,3A7qX2QjDlPnazUsRk5y0M
1214,I Have Questions,Camila Cabello,1,5835,192,3NgCzSW98SsqBdpYcnm4kv
1215,Like a Stone,Audioslave,1,11424,85,2xt2piJx6jlFkjS77YiqpL
1216,Strangers,Halsey,1,7029,153,4C5ewaZ05vyXM23jFJdwd4
1217,Black Hole Sun,Soundgarden,1,5841,199,2EoOZnxNgtmZaD8uUmz2nD
1218,Safe And Sound,Capital Cities,1,3915,174,6Z8R6UsFuGXGtiIxiD8ISb
1219,El Ratico,Juanes,1,6045,186,2HqlnQkOtLFLyQgOVYqWkU
1220,"Sucker For Pain (with Wiz Khalifa, Imagine Dragons, Logic & Ty Dolla $ign feat. X Ambassadors)",Lil Wayne,1,3746,182,4dASQiO1Eoo3RJvt74FtXB
1221,Hymn for the Weekend,Coldplay,1,3732,183,3RiPr603aXAoi4GHyXx0uy
1222,La Mordidita,Ricky Martin,1,4661,193,00i0O74dXdaKKdCrqHnfXm
1223,La Ocasión - Remix,DJ Luian,1,6847,122,1M9gupJZxS3LdK8R6UZfYH
1224,La Noche No Termina (feat. DJ Gelv),Korina Rivadeneira,1,6528,131,3ncVJhQT3HR8B4qbsn4riT
1225,What Do I Know?,Ed Sheeran,1,5184,180,2pJZ1v8HezrAoZ0Fhzby92
1226,Inside Out,Camila Cabello,1,11012,104,5xi2SXmF3A5AIsuGXiUIZu
1227,Nervous,Shawn Mendes,1,7875,170,0Dq49j3dELbttQVUJbtn0c
1228,Consequences,Camila Cabello,1,10461,111,7sTtHHrD0zDpmzQzH3zegz
1229,Something's Gotta Give,Camila Cabello,1,9778,122,7IL3UOlcJ6nmcCMwpnlfcA
1230,In the Dark,Camila Cabello,1,9380,130,1GO9vCm5Cra5uWGSWQ5mGK
1231,Into It,Camila Cabello,1,9165,133,2gxqozTaq2NYylvS8jd57G
1232,Green Light,Lorde,1,5306,172,0gbBzIqrECJOEPvQJIBFs5
1233,Me Soltaste,Jesse & Joy,1,5450,169,02yD6Wmpx5kLAoXLQOnuEb
1234,Barcelona,Ed Sheeran,1,5447,162,3Lfiu5sZ4M4B6JaKMBc0FU
1235,New Man,Ed Sheeran,1,5519,157,5HDPtsnyb3maFmPL8LLUTG
1236,Zombie,The Cranberries,1,7495,158,6xy6jNeNTYwjnKTDzMyHw2
1237,Hola (feat. Maluma),Flo Rida,1,6713,189,6ayTAnEwP3Yo4DOjLsN5r2
1238,How Would You Feel (Paean),Ed Sheeran,1,6039,144,6PJ8FF6UR8FZXfEvpHkIVN
1239,Scooby Doo Papa!,Lean Trap,1,23153,53,6csZYoffpZ7iuSw83x2zVy
1240,All These Years,Camila Cabello,1,11087,102,4XLu3tTSZiPFVC9mmuR6Zp
1241,Andromeda (feat. DRAM),Gorillaz,1,6067,158,2C0KFbb4v9CNWR5c9jWcKC
1242,She Loves Control,Camila Cabello,1,16087,67,5HwnezK198pJCEj1l2Adjy
1243,La Estrategia,Cali Y El Dandee,1,6250,193,5fqE4mcMADOX0qTuIlpLZL
1244,River (feat. Ed Sheeran),Eminem,1,6346,190,5UEnHoDYpsxlfzWLZIc7LD
1245,"Ayer 2 (feat. Dj Nelson, J Balvin, Nicky Jam, Cosculluela)",Anuel AA,1,6424,184,5ZF3889W92eTBOROe0lPNN
1246,Alimaña (En Vivo),Grupo 5,1,6221,193,0LLIEbZqaReMBdtZyqFBKj
1247,Si Tu Lo Dejas,Rvssian,1,6416,184,2naJy8SKJ27gj6ZhRPDKaz
1248,Break Up Every Night,The Chainsmokers,1,6322,164,6cPyTS0Kk2sc4xQwC93kOg
1249,Krippy Kush - Remix,Farruko,1,6702,177,038kavjqUaGIYZL5lYocvX
1250,Company,Justin Bieber,1,6112,176,09mhA1SJjMHniZPF4Hcihn
1251,Mix Juan Gabriel,Hnos Yaipen,1,6712,175,7IUJbuTuIvjQVhpbSHVRuh
1252,Triciclo Perú,Av. Larco,1,5912,183,1A4Qfc630qFVIbhQUZYxZK
1253,On My Way,Tiësto,1,5298,181,4hiUYb2nb6NlfTP9CD38Pe
1254,Lust for Life (with The Weeknd),Lana Del Rey,1,7172,133,5LYQSNHZxEA880URXFHg6h
1255,Quiero Que Sepas,Juan Magán,1,5449,170,0fm7fJ4aZv6Wx0klIcyXPz
1256,Hard Times,Paramore,1,5567,195,0w5Bdu51Ka25Pf3hojsKHh
1257,Youth feat. Khalid,Shawn Mendes,1,8110,163,5SwEgzUFDHwpWHKrbnP32Z
1258,Survival,Drake,1,14873,71,71SEHJPt1iDwGkBhUOAXDP
1259,Hielo,Daddy Yankee,1,7345,192,2HBycDgM5FIOUZFewSTUgp
1260,Swan Song,Dua Lipa,1,10006,156,5600nq7TiBraBX2jobyJ3l
1261,Pa Olvidarte,ChocQuibTown,1,9299,173,0NCMHQFpWVDK199pKR2Y7V
1262,Despacito,Luis Fonsi,1,9145,177,6habFhsOp2NvshLv26DqMb
1263,Vas A Quedarte,Aitana,1,8787,190,2b3JxLi8KAiOsD8ehnOxDZ
1264,Lo siento (feat. Sofía Reyes),Beret,1,8972,200,5dITA6jTX7f1gHwEAyS3YZ
1265,needy,Ariana Grande,1,17986,77,1TEL6MlSSVLSdhOSddidlJ
1266,bloodline,Ariana Grande,1,16889,84,2hloaUoRonYssMuqLCBLTX
1267,NASA,Ariana Grande,1,16630,86,4SPu0Ql902hTVXkBoNIYtq
1268,fake smile,Ariana Grande,1,14798,98,3wFLWP0FcIqHK1wb1CPthQ
1269,bad idea,Ariana Grande,1,14536,100,7EQpvVujgytLVY8vKiDHAg
1270,ghostin,Ariana Grande,1,12711,113,4lD7gHKF1e8Y9stQuVezZB
1271,Otra Vez,Legarda,1,11959,120,3GiG80BfiwBLkVcvgpeVTf
1272,make up,Ariana Grande,1,11660,123,27356GVuMPFWiJSZCragoM
1273,in my head,Ariana Grande,1,11279,127,4T652DlATVHe0jdLKaN3Bw
1274,Ya No Más,Susan Ochoa,1,9827,161,3m2sJJKCZAbkq3AOQj12i2
1275,Permitame,Tony Dize,1,11760,127,4uJSxi5beZ9GSzq5OKH09h
1276,South of the Border (feat. Camila Cabello & Cardi B),Ed Sheeran,1,13360,123,4vUmTMuQqjdnvlZmAH61Qk
1277,Este Año No - Deluxe,Combinacion De La Habana,1,9478,194,4eZE9CmzvoExO6My6EB7BC
1278,Maldita Costumbre,Morat,1,10540,127,5cWIowEZxB2FkZ1Hzqpwjl
1279,Antisocial (with Travis Scott),Ed Sheeran,1,9475,195,1DhRbox3xkceP64k3JeYfW
1280,El Embrujo,Morat,1,10380,132,3iyCM8b7clmfGHTAeIzFHK
1281,Mi Vida Entera,Morat,1,10252,135,08K2f894fe9zB5Ohd6H1C6
1282,11 Besos,Morat,1,8387,185,5T1MmDTBxXdCzIK0d76fQs
1283,Natural,Imagine Dragons,1,10145,147,2FY7b99s15jUprqC0M5NCT
1284,Otro Trago - Remix Tecno,Platino Musik,1,8956,200,3m6izkQQpr5ApH9n2Z9gWx
1285,Every Breath You Take - Remastered 2003,The Police,1,7913,199,5C0LFQARavkPpn7JgA4sLk
1286,AY LULI,Cauty,1,9658,176,11TPdeZCNYCFU4Nwq56bYj
1287,Old Town Road (feat. RM of BTS) - Seoul Town Road Remix,Lil Nas X,1,10818,146,6woeVu3fVMflqen1t4N6pg
1288,Fluorescent Adolescent,Arctic Monkeys,1,8937,182,7e8utCy2JlSB8dRHKi49xM
1289,R U Mine?,Arctic Monkeys,1,8690,193,29tzJGvqJPTAFs6LXmsHoA
1290,Corazón partío,Alejandro Sanz,1,9172,174,0wQCKR9OFjYu5Kzrk7WivJ
1291,El Malo,Aventura,1,8614,198,6ofZxXoNV32YxXezZS1o8y
1292,Dale ParaTra,Alexis y Fido,1,9047,169,3tNywUImvba9vaUWlgX7gS
1293,Tenemos Que Hablar,Bad Bunny,1,9813,156,5VQpJ2AY2iMzrRZKgcvNjh
1294,Ser Bichote,Bad Bunny,1,9618,163,4UEuIEv9Wc3wtiWUplGJ7q
1295,"Lo Que Paso, Paso",Daddy Yankee,1,11529,131,3OhQfgzWYxOZ3tOOYpPvqP
1296,Perdóname,La Factoria,1,11310,134,35J2nr0F47saNaZfx2cwxd
1297,Pam Pam,Wisin & Yandel,1,11116,138,0QuHbHFRGfR4GGlrlq9a3S
1298,All Night (BTS World Original Soundtrack) [Pt. 3],BTS,1,12896,121,70sKIAQgaVN2zWEEyOpyMZ
1299,Maniquí Que Respira,Daniela Darcourt,1,10778,167,6rXNVE9VkdDZYBokNhl9jk
1300,Tú Llorarás,Daniela Darcourt,1,11409,155,6CwbUG06PnIiZ5Jl51iok5
1301,Quién Te Entiende,Daniela Darcourt,1,11442,153,3svstxbjkEaGbL0sFALTRi
1302,Si Soy Tan Mala,Daniela Darcourt,1,12309,137,3mbwMdnGHgWtSg7ns7Hski
1303,Cool,Jonas Brothers,1,9647,178,3QmolSZqjjLksTUvZJ6pPS
1304,Que Mas Pues - Remix,Sech,1,54050,23,1k1CJlU1eAEpAbNK0TVeKD
1305,Te Felicito,Daniela Darcourt,1,14044,117,6fDVZtrAKVjutF63O4Fphb
1306,Sigan Hablando de Mi,Paulo Londra,1,10557,171,5Kr3a1wbMDSxdgDZzJhxhy
1307,Por Ley,Anuel AA,1,12517,135,3GCLIIJdXvcKfmJlICkTVL
1308,Falta Amor,Sebastian Yatra,1,15962,102,3KDKc5FyA5E1Lhr9xSJGLy
1309,Elena,Sebastian Yatra,1,10565,164,0c8JmuKzaREJu3kUqoBfmo
1310,Atado Entre Tus Manos,Tommy Torres,1,10329,171,0A7Bx1u7ufBNclwcfs02mG
1311,Medellín (with Maluma),Madonna,1,7269,188,3tTV4DYlhkiXRNiiXwIAPf
1312,Rayando El Sol (feat. Pablo Alborán),Maná,1,10039,160,3uKdu7AtigAJ8GgTu0yJTe
1313,Love With A Quality,KAROL G,1,8952,196,6F9DPkjP6Tbz9FLgLyYgX6
1314,Never Really Over,Katy Perry,1,10404,174,5PYQUBXc7NYeI1obMKSJK0
1315,Pa' Que Vuelvas,Lyanno,1,10133,182,7kxNb4wurmBtqndlzREd0J
1316,No Me Digas,Daniela Darcourt,1,9955,188,7F5rMhxA7CL56s7LeH38Lv
1317,Sensación del Bloque,Randy,1,9165,193,3FDkagYrIceOTgy8canfLs
1318,Mamare Rebota,Guayna,1,22108,60,5eyMxSdSDoOMEwyM1llGY6
1319,El Telefono,"Héctor ""El Father""",1,10448,150,614NVFo5csQqRnryl4jXs2
1320,Siente el Boom (feat. Tito el Bambino & Randy),Boy Wonder CF,1,10002,161,3iT5FD6ZtGffWLyFgdEO65
1321,Quizas - Remix,Tony Dize,1,9670,173,4YFoQUkj0XXJgTiHp8d61y
1322,Sexy Movimiento,Wisin & Yandel,1,9214,189,1Kgyx7NLtzsa3gWV1efGHu
1323,La Locura Automática - Reggaeton,La Secta AllStar,1,9169,192,02Wxt6S5N3socdwU5nMvuH
1324,Salió El Sol,Don Omar,1,8955,200,48NXpYRuvv9izul4oXhqS9
1325,you should see me in a crown,Billie Eilish,1,9865,162,3XF5xLJHOQQRbWya6hBp7d
1326,Tanta Falta Remix,Bryant Myers,1,10417,147,6GxEpbOvB4dXgRF2SLJliK
1327,A Brand New Day (BTS World Original Soundtrack) [Pt. 2],BTS,1,14575,108,5XkyZyKMdFungjDb9cUKc3
1328,Hitboy,Duki,1,9888,186,624AL3EwsrgGIp6bdwmXgo
1329,DESPUES QUE TE PERDI,Jon Z,1,9155,195,5gsW8TMmNVnevjq13h0Nlp
1330,La Mejor Version de Mi,Natti Natasha,1,9114,197,0TKD15GPvflAICDg2vfwKT
1331,Dream Glow (BTS World Original Soundtrack) - Pt. 1,BTS,1,19234,74,4c1WgUnHXq2LEncGHKgj1I
1332,Cuando El Amor Se Escapa,Morat,1,10475,129,7ad3XBdqiGoGIuJ836YWr5
1333,No Se Va,Morat,1,11494,108,4khWEpnaijN0G1x019Uzdr
1334,Quiero Decirte,Sebastian Yatra,1,7314,193,6PZraXLVqn18HrwCf9fdzH
1335,Eta Waa Es Perú!,Benjadoiges,1,11996,83,1acpkKAwzz0hzbyI4GbTUA
1336,I'm Upset,Drake,1,7535,171,1iSZPndzmY6NvL1jAtIvY1
1337,8 Out Of 10,Drake,1,7000,194,5fcM0StdQxMjzulVGhFkHN
1338,Estamos Bien,Street Rappers,1,32239,31,1gng5xQBiYCVDkHS0IKLyk
1339,De la Mia Personal,J Alvarez,1,7647,197,4vgpwBnF0ZuhoID7lmGEyf
1340,Inolvidable,Farruko,1,7603,200,30R2SoOAsKJmaHzA7CGZdA
1341,MALAMENTE - Cap.1: Augurio,ROSALÍA,1,10235,119,5zOAudPQIs5U8zP6LQGHmH
1342,La Media Vuelta,Luis Miguel,1,8915,148,1lKI9y1DL6QnYTZguVmACX
1343,Chicken Noodle Soup (feat. Becky G),j-hope,1,21756,74,6wyr4ReB05D9sJB1Rsmcqo
1344,Don’t Matter To Me (with Michael Jackson),Drake,1,8225,178,6G8kHiVZ1jW7vHMPVRNZU0
1345,Estamos Bien,Don Khuma,1,32768,32,1DRJZUVcs6i6TkdNUXAi6m
1346,Síguelo Bailando,Tropijazz,1,31044,36,6Vf5qHrEJSkVYgyvYJ6QXs
1347,Criminal,Trío Los Josefinos,1,25328,46,1lXQskY1Op1KzFG4GVcVpe
1348,Quiero Repetir,Trio Alma de America,1,12764,86,0XMwu1IYGyEr0VBZgctUv9
1349,Brindemos,Don Khuma,1,12729,87,4T0H32wnAJwvgBzYHojZhO
1350,Tu Amor Me Hace Bien - Salsa Version,Marc Anthony,1,7550,197,12H7K15h3aC5vRCaca65el
1351,Nonstop,Drake,1,8894,128,2Vx8E3K5icPZR7OCklWBXX
1352,¿Qué Ganas?,Morat,1,9665,188,24O1dTyT0zcs4fnQHm6OQB
1353,Acuérdate De Mí,Morat,1,11500,106,6vJSBlhgcGFTnHn3UsHgpt
1354,Bed (feat. Ariana Grande),Nicki Minaj,1,6837,195,1ZEm9cJC05rawV2tptNfTS
1355,Cuando Tú Quieras,J Balvin,1,7261,196,1tWpgH8rErSXPOkQKFCag9
1356,Porque Un Hombre No Llora,Josimar y Su Yambú,1,7133,186,6bTzQuPR7LA5EJZQ2dmIbB
1357,SIN MIRAR LAS SEÑALES,Rels B,1,11663,196,7fM24rKaYCTGf85Lj8U2pk
1358,Error,Greeicy,1,6854,199,7eOs4mwrf7rp7lGEF2tjGu
1359,Y Dale Alegría a Mi Corazón,Lali,1,7838,166,4LI3XE2CwsxrKdzDBezyoB
1360,Angels,Robbie Williams,1,12163,77,1M2nd8jNUkkwrc1dgBPTJz
1361,Feel,Robbie Williams,1,10778,92,2Ms33RTRCT6gArrpcrPxmo
1362,Rock DJ,Robbie Williams,1,8285,136,4pbyDPjFgfPqFTcIMC8xpK
1363,Dinero,Jennifer Lopez,1,7217,170,22mQXNE0nCuWq4yOwcadIn
1364,Baianá (feat. Barbatuques & Foreign),Alok,1,6669,188,7gBVJf7qn3rTkQxlQ1nNeS
1365,Everybody Dies In Their Nightmares,XXXTENTACION,1,8938,118,3GVkPk8mqxz0itaAriG1L7
1366,"Trueno: Bzrp Music Sessions, Vol. 16",Bizarrap,1,11200,199,7ouulWlZPefmEIGYWNyiPH
1367,Porno,Rich Music LTD,1,11243,195,34ZngZgo8xicbt1EE8Ob8Z
1368,Cielito Lindo,Carlos Rivera,1,7335,179,5AsFlY8KFYMDTlQkOdBl39
1369,the remedy for a broken heart (why am I so in love),XXXTENTACION,1,7030,186,4UKCKdYiLN6IMA5ZESUTL7
1370,Circles,Post Malone,1,11669,167,51MMC5DogGZAnHil5HQAXg
1371,Viernes 13,Marcos Menchaca,1,13003,149,1eYOhFmz0XE88blscy5YET
1372,Entrégate,Luis Miguel,1,7472,200,7oodPDKpxL5ZxS7aPoHUTf
1373,sweetener,Ariana Grande,1,10088,121,70khXICDeTTxgYtw3EysKH
1374,Qué Hay de Malo - Reggae Version,Farruko,1,10845,167,1clTca5X3tpBjNgfpsd3wu
1375,Quiero Mas,Ozuna,1,9918,142,1aYcpI8hXtpAEdBq8fp1pH
1376,Trivia 承 : Love,BTS,1,9835,145,6aHCXTCkPiB4zgXKpB7BHS
1377,Sigueme los Pasos,Ozuna,1,8346,183,3RTmnQQNya9v6ZKPoCIp2E
1378,Como Soy,Pacho El Antifeka,1,8010,200,7jIfxFhZSmH3LGud6D5m2w
1379,Te Mentiría,Gian Marco,1,10374,177,3LSRGvBWTdnUBJC32oBFnZ
1380,Lejos De Ti,Gian Marco,1,11021,163,7H4XjkOcmVzmBwHGQQcApF
1381,GRANADA,VICE MENTA,1,10490,120,4yM8S8VJMSBFkroLMTlIqL
1382,Yeezy,Anuel AA,1,8185,184,4CzA04WEvvXF6ItpzVTP4b
1383,Que Sería,Anuel AA,1,8548,174,7cEnr1eM1Le82vGD6iS9xP
1384,Mujeres,Mozart La Para,1,8129,188,6xLvYhLOW2oETJoZv8ChU8
1385,Jaleo,Nicky Jam,1,8030,196,5qEDMy4lkVZ93et8y1VP99
1386,Cariño Mío,Chyno Miranda,1,10396,181,6ORMS8Ep717H3vzQFahFiy
1387,Una Vez Más,Manuel Turizo,1,8019,191,3PKk9pGTfQBINlJrEyrH6c
1388,Yo No Merezco Volver,Morat,1,11924,103,1uFl33ahAD59XrccuSxpkz
1389,DNA,BTS,1,10384,133,5SE57ljOIUJ1ybL9U6CuBH
1390,Trivia 轉 : Seesaw,BTS,1,10401,132,1ZPpGPko8oULTmi34rozMh
1391,No Digas Que Te Vas,Manuel Turizo,1,10575,179,0MmxdPPMzKRJO5wxeDgEdM
1392,R.E.M,Ariana Grande,1,8715,161,1xWH8zYtDeS9mW1JJG23VZ
1393,raindrops (an angel cried),Ariana Grande,1,9954,128,0v2LUO8oTHnkjQ8MmKuXyk
1394,the light is coming (feat. Nicki Minaj),Ariana Grande,1,9185,144,0sdbFOyfgAhAhWq8DpzkaW
1395,Shameless,Camila Cabello,1,10506,197,3UYiU57SMiAS5LqolhHJw1
1396,Amor del Bueno,Reyli Barba,1,10657,191,2G74yhtIMW8tJY5I83dS4Z
1397,Liar,Camila Cabello,1,10873,179,7LzouaWGFCy4tkXDOOnEyM
1398,blazed (feat. Pharrell Williams),Ariana Grande,1,8822,157,4mLkiFppf8Xvem6BSY34qw
1399,everytime,Ariana Grande,1,8661,163,0WdR2AyLW1Drd3OUdwezM0
1400,The Man,Taylor Swift,1,10543,182,3RauEVgRgj1IuWdJ9fDs70
1401,My Only One (No Hay Nadie Más),Sebastian Yatra,1,7771,200,1gJA27xiMdENwoAVN7kMlo
1402,Trivia 起 : Just Dance,BTS,1,12738,93,0usLRFLmYXYahKNgXxsuJc
1403,I'm Fine,BTS,1,12696,95,0EQMrxdeiBhry9JCxskko3
1404,Euphoria,BTS,1,11403,110,3p6hnejEQYXkiTO1lAzVc0
1405,Serendipity (Full Length Edition),BTS,1,11212,118,5cQB9fbuQCz4muQUFkv3rR
1406,Answer : Love Myself,BTS,1,10509,127,4eVkn18rN4GguUWOsR6Use
1407,Unforgettable,French Montana,1,5643,196,3B54sVLJ402zGa6Xm4YGNe
