Position,Track Name,Artist,Streams,date,region,spotify_id
1,Shape of You,Ed Sheeran,2259,2017-01-06,lu,7qiZfU4dY1lWllzX7mPBI3
2,Castle on the Hill,Ed Sheeran,1947,2017-01-06,lu,6PCUP3dWmTjcTtXY02oFdT
3,Starboy,The Weeknd,1385,2017-01-06,lu,5aAx2yezTd8zXrkmtKl66Z
4,Rockabye (feat. Sean Paul & Anne-Marie),Clean Bandit,1371,2017-01-06,lu,5knuzwU65gJK7IF5yJsuaW
5,"I Don’t Wanna Live Forever (Fifty Shades Darker) - From ""Fifty Shades Darker (Original Motion Picture Soundtrack)""",ZAYN,1222,2017-01-06,lu,3NdDpSvN911VPGivFlV5d0
6,Call On Me - Ryan Riback Extended Remix,Starley,1119,2017-01-06,lu,78rIJddV4X0HkNAInEcYde
7,Let Me Love You,DJ Snake,1088,2017-01-06,lu,4pdPtRcBmOSQDlJ3Fk945m
8,Closer (feat. Halsey),The Chainsmokers,1082,2017-01-06,lu,7BKLCZ1jbUBVqRi2FVlTVw
9,Don't Wanna Know,Maroon 5,1042,2017-01-06,lu,5MFzQMkrl1FOOng9tq6R9r
10,Say You Won't Let Go,James Arthur,1040,2017-01-06,lu,5uCax9HTNlzGybIStD3vDh
11,I Feel It Coming,The Weeknd,1030,2017-01-06,lu,5GXAXm5YOmYT0kL5jHvYBt
Position,Track Name,Artist,Streams,date,region,spotify_id
1,Shape of You,Ed Sheeran,3113,2017-01-13,lu,7qiZfU4dY1lWllzX7mPBI3
2,Castle on the Hill,Ed Sheeran,1593,2017-01-13,lu,6PCUP3dWmTjcTtXY02oFdT
3,Rockabye (feat. Sean Paul & Anne-Marie),Clean Bandit,1503,2017-01-13,lu,5knuzwU65gJK7IF5yJsuaW
4,Starboy,The Weeknd,1500,2017-01-13,lu,5aAx2yezTd8zXrkmtKl66Z
5,"I Don’t Wanna Live Forever (Fifty Shades Darker) - From ""Fifty Shades Darker (Original Motion Picture Soundtrack)""",ZAYN,1462,2017-01-13,lu,3NdDpSvN911VPGivFlV5d0
6,Call On Me - Ryan Riback Extended Remix,Starley,1318,2017-01-13,lu,78rIJddV4X0HkNAInEcYde
7,I Feel It Coming,The Weeknd,1166,2017-01-13,lu,5GXAXm5YOmYT0kL5jHvYBt
8,Say You Won't Let Go,James Arthur,1133,2017-01-13,lu,5uCax9HTNlzGybIStD3vDh
9,Don't Wanna Know,Maroon 5,1091,2017-01-13,lu,5MFzQMkrl1FOOng9tq6R9r
10,Closer (feat. Halsey),The Chainsmokers,1067,2017-01-13,lu,7BKLCZ1jbUBVqRi2FVlTVw
Position,Track Name,Artist,Streams,date,region,spotify_id
1,Shape of You,Ed Sheeran,3280,2017-01-20,lu,7qiZfU4dY1lWllzX7mPBI3
2,Paris,The Chainsmokers,1775,2017-01-20,lu,72jbDTw1piOOj770jWNeaG
3,Starboy,The Weeknd,1425,2017-01-20,lu,5aAx2yezTd8zXrkmtKl66Z
4,Rockabye (feat. Sean Paul & Anne-Marie),Clean Bandit,1406,2017-01-20,lu,5knuzwU65gJK7IF5yJsuaW
5,"I Don’t Wanna Live Forever (Fifty Shades Darker) - From ""Fifty Shades Darker (Original Motion Picture Soundtrack)""",ZAYN,1386,2017-01-20,lu,3NdDpSvN911VPGivFlV5d0
6,Castle on the Hill,Ed Sheeran,1373,2017-01-20,lu,6PCUP3dWmTjcTtXY02oFdT
7,Call On Me - Ryan Riback Extended Remix,Starley,1231,2017-01-20,lu,78rIJddV4X0HkNAInEcYde
8,I Feel It Coming,The Weeknd,1126,2017-01-20,lu,5GXAXm5YOmYT0kL5jHvYBt
9,Say You Won't Let Go,James Arthur,1105,2017-01-20,lu,5uCax9HTNlzGybIStD3vDh
10,Closer (feat. Halsey),The Chainsmokers,1051,2017-01-20,lu,7BKLCZ1jbUBVqRi2FVlTVw
11,Don't Wanna Know,Maroon 5,1047,2017-01-20,lu,5MFzQMkrl1FOOng9tq6R9r
Position,Track Name,Artist,Streams,date,region,spotify_id
1,Shape of You,Ed Sheeran,3883,2017-01-27,lu,7qiZfU4dY1lWllzX7mPBI3
2,Paris,The Chainsmokers,1801,2017-01-27,lu,72jbDTw1piOOj770jWNeaG
3,"I Don’t Wanna Live Forever (Fifty Shades Darker) - From ""Fifty Shades Darker (Original Motion Picture Soundtrack)""",ZAYN,1564,2017-01-27,lu,3NdDpSvN911VPGivFlV5d0
4,Castle on the Hill,Ed Sheeran,1509,2017-01-27,lu,6PCUP3dWmTjcTtXY02oFdT
5,Rockabye (feat. Sean Paul & Anne-Marie),Clean Bandit,1491,2017-01-27,lu,5knuzwU65gJK7IF5yJsuaW
6,Call On Me - Ryan Riback Extended Remix,Starley,1357,2017-01-27,lu,78rIJddV4X0HkNAInEcYde
7,Starboy,The Weeknd,1261,2017-01-27,lu,5aAx2yezTd8zXrkmtKl66Z
8,Say You Won't Let Go,James Arthur,1089,2017-01-27,lu,5uCax9HTNlzGybIStD3vDh
9,I Feel It Coming,The Weeknd,1061,2017-01-27,lu,5GXAXm5YOmYT0kL5jHvYBt
Position,Track Name,Artist,Streams,date,region,spotify_id
1,Shape of You,Ed Sheeran,3977,2017-02-03,lu,7qiZfU4dY1lWllzX7mPBI3
2,Paris,The Chainsmokers,1862,2017-02-03,lu,72jbDTw1piOOj770jWNeaG
3,"I Don’t Wanna Live Forever (Fifty Shades Darker) - From ""Fifty Shades Darker (Original Motion Picture Soundtrack)""",ZAYN,1622,2017-02-03,lu,3NdDpSvN911VPGivFlV5d0
4,Rockabye (feat. Sean Paul & Anne-Marie),Clean Bandit,1459,2017-02-03,lu,5knuzwU65gJK7IF5yJsuaW
5,Call On Me - Ryan Riback Extended Remix,Starley,1424,2017-02-03,lu,78rIJddV4X0HkNAInEcYde
6,Scared to Be Lonely,Martin Garrix,1381,2017-02-03,lu,3ebXMykcMXOcLeJ9xZ17XH
7,Castle on the Hill,Ed Sheeran,1359,2017-02-03,lu,6PCUP3dWmTjcTtXY02oFdT
8,Starboy,The Weeknd,1188,2017-02-03,lu,5aAx2yezTd8zXrkmtKl66Z
9,Say You Won't Let Go,James Arthur,1111,2017-02-03,lu,5uCax9HTNlzGybIStD3vDh
10,I Feel It Coming,The Weeknd,1055,2017-02-03,lu,5GXAXm5YOmYT0kL5jHvYBt
11,Bad and Boujee (feat. Lil Uzi Vert),Migos,1050,2017-02-03,lu,4Km5HrUvYTaSUfiSGPJeQR
12,Run Up (feat. PARTYNEXTDOOR & Nicki Minaj),Major Lazer,1022,2017-02-03,lu,0fg8CqpjdojMyXLNzM2PaJ
Position,Track Name,Artist,Streams,date,region,spotify_id
1,Shape of You,Ed Sheeran,4021,2017-02-10,lu,7qiZfU4dY1lWllzX7mPBI3
2,"I Don’t Wanna Live Forever (Fifty Shades Darker) - From ""Fifty Shades Darker (Original Motion Picture Soundtrack)""",ZAYN,1860,2017-02-10,lu,3NdDpSvN911VPGivFlV5d0
3,Paris,The Chainsmokers,1755,2017-02-10,lu,72jbDTw1piOOj770jWNeaG
4,Rockabye (feat. Sean Paul & Anne-Marie),Clean Bandit,1387,2017-02-10,lu,5knuzwU65gJK7IF5yJsuaW
5,Call On Me - Ryan Riback Extended Remix,Starley,1368,2017-02-10,lu,78rIJddV4X0HkNAInEcYde
6,Scared to Be Lonely,Martin Garrix,1305,2017-02-10,lu,3ebXMykcMXOcLeJ9xZ17XH
7,Castle on the Hill,Ed Sheeran,1240,2017-02-10,lu,6PCUP3dWmTjcTtXY02oFdT
8,Say You Won't Let Go,James Arthur,1157,2017-02-10,lu,5uCax9HTNlzGybIStD3vDh
9,Run Up (feat. PARTYNEXTDOOR & Nicki Minaj),Major Lazer,1133,2017-02-10,lu,0fg8CqpjdojMyXLNzM2PaJ
10,I Feel It Coming,The Weeknd,1014,2017-02-10,lu,5GXAXm5YOmYT0kL5jHvYBt
11,Solo Dance,Martin Jensen,1009,2017-02-10,lu,6HUnnBwYZqcED1eQztxMBN
Position,Track Name,Artist,Streams,date,region,spotify_id
1,Shape of You,Ed Sheeran,3711,2017-02-17,lu,7qiZfU4dY1lWllzX7mPBI3
2,"I Don’t Wanna Live Forever (Fifty Shades Darker) - From ""Fifty Shades Darker (Original Motion Picture Soundtrack)""",ZAYN,2122,2017-02-17,lu,3NdDpSvN911VPGivFlV5d0
3,Paris,The Chainsmokers,1824,2017-02-17,lu,72jbDTw1piOOj770jWNeaG
4,Call On Me - Ryan Riback Extended Remix,Starley,1582,2017-02-17,lu,78rIJddV4X0HkNAInEcYde
5,Scared to Be Lonely,Martin Garrix,1541,2017-02-17,lu,3ebXMykcMXOcLeJ9xZ17XH
6,Chained To The Rhythm,Katy Perry,1356,2017-02-17,lu,6520aj0B4FSKGVuKNsOCOi
7,Issues,Julia Michaels,1254,2017-02-17,lu,1sXUWdKx03aP9Gmzft58rt
8,Castle on the Hill,Ed Sheeran,1227,2017-02-17,lu,6PCUP3dWmTjcTtXY02oFdT
9,It Ain't Me (with Selena Gomez),Kygo,1184,2017-02-17,lu,3eR23VReFzcdmS7TYCrhCe
10,Run Up (feat. PARTYNEXTDOOR & Nicki Minaj),Major Lazer,1166,2017-02-17,lu,0fg8CqpjdojMyXLNzM2PaJ
11,Despacito (Featuring Daddy Yankee),Luis Fonsi,1156,2017-02-17,lu,4aWmUDTfIPGksMNLV2rQP2
12,Rockabye (feat. Sean Paul & Anne-Marie),Clean Bandit,1155,2017-02-17,lu,5knuzwU65gJK7IF5yJsuaW
13,Say You Won't Let Go,James Arthur,1113,2017-02-17,lu,5uCax9HTNlzGybIStD3vDh
14,Solo Dance,Martin Jensen,1095,2017-02-17,lu,6HUnnBwYZqcED1eQztxMBN
15,I Feel It Coming,The Weeknd,1078,2017-02-17,lu,5GXAXm5YOmYT0kL5jHvYBt
16,Starboy,The Weeknd,1028,2017-02-17,lu,5aAx2yezTd8zXrkmtKl66Z
Position,Track Name,Artist,Streams,date,region,spotify_id
1,Shape of You,Ed Sheeran,3533,2017-02-24,lu,7qiZfU4dY1lWllzX7mPBI3
2,"I Don’t Wanna Live Forever (Fifty Shades Darker) - From ""Fifty Shades Darker (Original Motion Picture Soundtrack)""",ZAYN,2085,2017-02-24,lu,3NdDpSvN911VPGivFlV5d0
3,It Ain't Me (with Selena Gomez),Kygo,1879,2017-02-24,lu,3eR23VReFzcdmS7TYCrhCe
4,Paris,The Chainsmokers,1701,2017-02-24,lu,72jbDTw1piOOj770jWNeaG
5,Something Just Like This,The Chainsmokers,1632,2017-02-24,lu,6RUKPb4LETWmmr3iAEQktW
6,Call On Me - Ryan Riback Extended Remix,Starley,1514,2017-02-24,lu,78rIJddV4X0HkNAInEcYde
7,Scared to Be Lonely,Martin Garrix,1497,2017-02-24,lu,3ebXMykcMXOcLeJ9xZ17XH
8,Chained To The Rhythm,Katy Perry,1408,2017-02-24,lu,6520aj0B4FSKGVuKNsOCOi
9,Issues,Julia Michaels,1213,2017-02-24,lu,1sXUWdKx03aP9Gmzft58rt
10,Despacito (Featuring Daddy Yankee),Luis Fonsi,1187,2017-02-24,lu,4aWmUDTfIPGksMNLV2rQP2
11,Run Up (feat. PARTYNEXTDOOR & Nicki Minaj),Major Lazer,1177,2017-02-24,lu,0fg8CqpjdojMyXLNzM2PaJ
12,Castle on the Hill,Ed Sheeran,1138,2017-02-24,lu,6PCUP3dWmTjcTtXY02oFdT
13,I Feel It Coming,The Weeknd,1113,2017-02-24,lu,5GXAXm5YOmYT0kL5jHvYBt
14,Solo Dance,Martin Jensen,1070,2017-02-24,lu,6HUnnBwYZqcED1eQztxMBN
15,Say You Won't Let Go,James Arthur,1064,2017-02-24,lu,5uCax9HTNlzGybIStD3vDh
16,Starboy,The Weeknd,1063,2017-02-24,lu,5aAx2yezTd8zXrkmtKl66Z
17,Rockabye (feat. Sean Paul & Anne-Marie),Clean Bandit,1050,2017-02-24,lu,5knuzwU65gJK7IF5yJsuaW
18,Believer,Imagine Dragons,1012,2017-02-24,lu,0CcQNd8CINkwQfe1RDtGV6
Position,Track Name,Artist,Streams,date,region,spotify_id
1,Shape of You,Ed Sheeran,4616,2017-03-03,lu,7qiZfU4dY1lWllzX7mPBI3
2,Something Just Like This,The Chainsmokers,2095,2017-03-03,lu,6RUKPb4LETWmmr3iAEQktW
3,Castle on the Hill,Ed Sheeran,2076,2017-03-03,lu,6PCUP3dWmTjcTtXY02oFdT
4,It Ain't Me (with Selena Gomez),Kygo,2063,2017-03-03,lu,3eR23VReFzcdmS7TYCrhCe
5,"I Don’t Wanna Live Forever (Fifty Shades Darker) - From ""Fifty Shades Darker (Original Motion Picture Soundtrack)""",ZAYN,1981,2017-03-03,lu,3NdDpSvN911VPGivFlV5d0
6,Paris,The Chainsmokers,1813,2017-03-03,lu,72jbDTw1piOOj770jWNeaG
7,Scared to Be Lonely,Martin Garrix,1516,2017-03-03,lu,3ebXMykcMXOcLeJ9xZ17XH
8,Despacito (Featuring Daddy Yankee),Luis Fonsi,1515,2017-03-03,lu,4aWmUDTfIPGksMNLV2rQP2
9,Chained To The Rhythm,Katy Perry,1425,2017-03-03,lu,6520aj0B4FSKGVuKNsOCOi
10,Issues,Julia Michaels,1390,2017-03-03,lu,1sXUWdKx03aP9Gmzft58rt
11,Eraser,Ed Sheeran,1344,2017-03-03,lu,7oolFzHipTMg2nL7shhdz2
12,Call On Me - Ryan Riback Extended Remix,Starley,1321,2017-03-03,lu,78rIJddV4X0HkNAInEcYde
13,What Do I Know?,Ed Sheeran,1284,2017-03-03,lu,2pJZ1v8HezrAoZ0Fhzby92
14,Run Up (feat. PARTYNEXTDOOR & Nicki Minaj),Major Lazer,1220,2017-03-03,lu,0fg8CqpjdojMyXLNzM2PaJ
15,Galway Girl,Ed Sheeran,1204,2017-03-03,lu,0afhq8XCExXpqazXczTSve
16,Stay (with Alessia Cara),Zedd,1204,2017-03-03,lu,0dA2Mk56wEzDgegdC6R17g
17,Solo Dance,Martin Jensen,1165,2017-03-03,lu,6HUnnBwYZqcED1eQztxMBN
18,New Man,Ed Sheeran,1141,2017-03-03,lu,5HDPtsnyb3maFmPL8LLUTG
19,Dive,Ed Sheeran,1135,2017-03-03,lu,51ChrwmUPDJvedPQnIU8Ls
20,Cold,Maroon 5,1131,2017-03-03,lu,5NNlUMcOEOdoOIwwaWXv0k
21,Perfect,Ed Sheeran,1115,2017-03-03,lu,0tgVpDi06FyKpA1z0VMD4v
22,Slide (feat. Frank Ocean & Migos),Calvin Harris,1098,2017-03-03,lu,7tr2za8SQg2CI8EDgrdtNl
23,Rockabye (feat. Sean Paul & Anne-Marie),Clean Bandit,1094,2017-03-03,lu,5knuzwU65gJK7IF5yJsuaW
24,Believer,Imagine Dragons,1088,2017-03-03,lu,0CcQNd8CINkwQfe1RDtGV6
25,I Feel It Coming,The Weeknd,1087,2017-03-03,lu,5GXAXm5YOmYT0kL5jHvYBt
26,Happier,Ed Sheeran,1076,2017-03-03,lu,2RttW7RAu5nOAfq6YFvApB
27,Say You Won't Let Go,James Arthur,1013,2017-03-03,lu,5uCax9HTNlzGybIStD3vDh
28,How Would You Feel (Paean),Ed Sheeran,1011,2017-03-03,lu,6PJ8FF6UR8FZXfEvpHkIVN
Position,Track Name,Artist,Streams,date,region,spotify_id
1,Shape of You,Ed Sheeran,4446,2017-03-10,lu,7qiZfU4dY1lWllzX7mPBI3
2,It Ain't Me (with Selena Gomez),Kygo,2139,2017-03-10,lu,3eR23VReFzcdmS7TYCrhCe
3,Something Just Like This,The Chainsmokers,2072,2017-03-10,lu,6RUKPb4LETWmmr3iAEQktW
4,Galway Girl,Ed Sheeran,1921,2017-03-10,lu,0afhq8XCExXpqazXczTSve
5,Paris,The Chainsmokers,1894,2017-03-10,lu,72jbDTw1piOOj770jWNeaG
6,"I Don’t Wanna Live Forever (Fifty Shades Darker) - From ""Fifty Shades Darker (Original Motion Picture Soundtrack)""",ZAYN,1814,2017-03-10,lu,3NdDpSvN911VPGivFlV5d0
7,Castle on the Hill,Ed Sheeran,1779,2017-03-10,lu,6PCUP3dWmTjcTtXY02oFdT
8,Scared to Be Lonely,Martin Garrix,1593,2017-03-10,lu,3ebXMykcMXOcLeJ9xZ17XH
9,Despacito (Featuring Daddy Yankee),Luis Fonsi,1567,2017-03-10,lu,4aWmUDTfIPGksMNLV2rQP2
10,Call On Me - Ryan Riback Extended Remix,Starley,1436,2017-03-10,lu,78rIJddV4X0HkNAInEcYde
11,Issues,Julia Michaels,1345,2017-03-10,lu,1sXUWdKx03aP9Gmzft58rt
12,Stay (with Alessia Cara),Zedd,1334,2017-03-10,lu,0dA2Mk56wEzDgegdC6R17g
13,Cold,Maroon 5,1314,2017-03-10,lu,5NNlUMcOEOdoOIwwaWXv0k
14,Chained To The Rhythm,Katy Perry,1284,2017-03-10,lu,6520aj0B4FSKGVuKNsOCOi
15,Run Up (feat. PARTYNEXTDOOR & Nicki Minaj),Major Lazer,1267,2017-03-10,lu,0fg8CqpjdojMyXLNzM2PaJ
16,Solo Dance,Martin Jensen,1218,2017-03-10,lu,6HUnnBwYZqcED1eQztxMBN
17,Believer,Imagine Dragons,1177,2017-03-10,lu,0CcQNd8CINkwQfe1RDtGV6
18,Mask Off,Future,1138,2017-03-10,lu,3rOSwuTsUlJp0Pu0MkN8r8
19,I Feel It Coming,The Weeknd,1077,2017-03-10,lu,5GXAXm5YOmYT0kL5jHvYBt
20,Perfect,Ed Sheeran,1065,2017-03-10,lu,0tgVpDi06FyKpA1z0VMD4v
21,Rockabye (feat. Sean Paul & Anne-Marie),Clean Bandit,1042,2017-03-10,lu,5knuzwU65gJK7IF5yJsuaW
22,Slide (feat. Frank Ocean & Migos),Calvin Harris,1035,2017-03-10,lu,7tr2za8SQg2CI8EDgrdtNl
23,Happier,Ed Sheeran,1018,2017-03-10,lu,2RttW7RAu5nOAfq6YFvApB
24,That's What I Like,Bruno Mars,1018,2017-03-10,lu,0KKkJNfGyhkQ5aFogxQAPU
Position,Track Name,Artist,Streams,date,region,spotify_id
1,Shape of You,Ed Sheeran,3837,2017-03-17,lu,7qiZfU4dY1lWllzX7mPBI3
2,It Ain't Me (with Selena Gomez),Kygo,2010,2017-03-17,lu,3eR23VReFzcdmS7TYCrhCe
3,Something Just Like This,The Chainsmokers,1902,2017-03-17,lu,6RUKPb4LETWmmr3iAEQktW
4,Galway Girl,Ed Sheeran,1879,2017-03-17,lu,0afhq8XCExXpqazXczTSve
5,Despacito (Featuring Daddy Yankee),Luis Fonsi,1773,2017-03-17,lu,4aWmUDTfIPGksMNLV2rQP2
6,Paris,The Chainsmokers,1644,2017-03-17,lu,72jbDTw1piOOj770jWNeaG
7,"I Don’t Wanna Live Forever (Fifty Shades Darker) - From ""Fifty Shades Darker (Original Motion Picture Soundtrack)""",ZAYN,1628,2017-03-17,lu,3NdDpSvN911VPGivFlV5d0
8,Mask Off,Future,1547,2017-03-17,lu,3rOSwuTsUlJp0Pu0MkN8r8
9,Castle on the Hill,Ed Sheeran,1437,2017-03-17,lu,6PCUP3dWmTjcTtXY02oFdT
10,Stay (with Alessia Cara),Zedd,1422,2017-03-17,lu,0dA2Mk56wEzDgegdC6R17g
11,Call On Me - Ryan Riback Extended Remix,Starley,1405,2017-03-17,lu,78rIJddV4X0HkNAInEcYde
12,Scared to Be Lonely,Martin Garrix,1351,2017-03-17,lu,3ebXMykcMXOcLeJ9xZ17XH
13,Issues,Julia Michaels,1301,2017-03-17,lu,1sXUWdKx03aP9Gmzft58rt
14,Cold,Maroon 5,1200,2017-03-17,lu,5NNlUMcOEOdoOIwwaWXv0k
15,Chained To The Rhythm,Katy Perry,1174,2017-03-17,lu,6520aj0B4FSKGVuKNsOCOi
16,I Feel It Coming,The Weeknd,1154,2017-03-17,lu,5GXAXm5YOmYT0kL5jHvYBt
17,Run Up (feat. PARTYNEXTDOOR & Nicki Minaj),Major Lazer,1137,2017-03-17,lu,0fg8CqpjdojMyXLNzM2PaJ
18,Slide (feat. Frank Ocean & Migos),Calvin Harris,1117,2017-03-17,lu,7tr2za8SQg2CI8EDgrdtNl
19,Believer,Imagine Dragons,1106,2017-03-17,lu,0CcQNd8CINkwQfe1RDtGV6
20,That's What I Like,Bruno Mars,1104,2017-03-17,lu,0KKkJNfGyhkQ5aFogxQAPU
21,Solo Dance,Martin Jensen,1098,2017-03-17,lu,6HUnnBwYZqcED1eQztxMBN
22,You Don't Know Me - Radio Edit,Jax Jones,1076,2017-03-17,lu,00lNx0OcTJrS3MKHcB80HY
Position,Track Name,Artist,Streams,date,region,spotify_id
1,Shape of You,Ed Sheeran,3719,2017-03-24,lu,7qiZfU4dY1lWllzX7mPBI3
2,It Ain't Me (with Selena Gomez),Kygo,1971,2017-03-24,lu,3eR23VReFzcdmS7TYCrhCe
3,Passionfruit,Drake,1834,2017-03-24,lu,7hDc8b7IXETo14hHIHdnhd
4,Something Just Like This,The Chainsmokers,1829,2017-03-24,lu,6RUKPb4LETWmmr3iAEQktW
5,Galway Girl,Ed Sheeran,1763,2017-03-24,lu,0afhq8XCExXpqazXczTSve
6,Despacito (Featuring Daddy Yankee),Luis Fonsi,1751,2017-03-24,lu,4aWmUDTfIPGksMNLV2rQP2
7,Mask Off,Future,1617,2017-03-24,lu,3rOSwuTsUlJp0Pu0MkN8r8
8,Paris,The Chainsmokers,1542,2017-03-24,lu,72jbDTw1piOOj770jWNeaG
9,Stay (with Alessia Cara),Zedd,1536,2017-03-24,lu,0dA2Mk56wEzDgegdC6R17g
10,"I Don’t Wanna Live Forever (Fifty Shades Darker) - From ""Fifty Shades Darker (Original Motion Picture Soundtrack)""",ZAYN,1478,2017-03-24,lu,3NdDpSvN911VPGivFlV5d0
11,Scared to Be Lonely,Martin Garrix,1362,2017-03-24,lu,3ebXMykcMXOcLeJ9xZ17XH
12,Issues,Julia Michaels,1319,2017-03-24,lu,1sXUWdKx03aP9Gmzft58rt
13,Castle on the Hill,Ed Sheeran,1314,2017-03-24,lu,6PCUP3dWmTjcTtXY02oFdT
14,Call On Me - Ryan Riback Extended Remix,Starley,1229,2017-03-24,lu,78rIJddV4X0HkNAInEcYde
15,Portland,Drake,1222,2017-03-24,lu,2bjwRfXMk4uRgOD9IBYl9h
16,You Don't Know Me - Radio Edit,Jax Jones,1159,2017-03-24,lu,00lNx0OcTJrS3MKHcB80HY
17,That's What I Like,Bruno Mars,1132,2017-03-24,lu,0KKkJNfGyhkQ5aFogxQAPU
18,Slide (feat. Frank Ocean & Migos),Calvin Harris,1127,2017-03-24,lu,7tr2za8SQg2CI8EDgrdtNl
19,Solo Dance,Martin Jensen,1109,2017-03-24,lu,6HUnnBwYZqcED1eQztxMBN
20,Cold,Maroon 5,1081,2017-03-24,lu,5NNlUMcOEOdoOIwwaWXv0k
21,Run Up (feat. PARTYNEXTDOOR & Nicki Minaj),Major Lazer,1023,2017-03-24,lu,0fg8CqpjdojMyXLNzM2PaJ
22,Believer,Imagine Dragons,1019,2017-03-24,lu,0CcQNd8CINkwQfe1RDtGV6
23,Chained To The Rhythm,Katy Perry,1007,2017-03-24,lu,6520aj0B4FSKGVuKNsOCOi
Position,Track Name,Artist,Streams,date,region,spotify_id
1,Shape of You,Ed Sheeran,3545,2017-03-31,lu,7qiZfU4dY1lWllzX7mPBI3
2,It Ain't Me (with Selena Gomez),Kygo,2120,2017-03-31,lu,3eR23VReFzcdmS7TYCrhCe
3,Despacito (Featuring Daddy Yankee),Luis Fonsi,2033,2017-03-31,lu,4aWmUDTfIPGksMNLV2rQP2
4,Something Just Like This,The Chainsmokers,1927,2017-03-31,lu,6RUKPb4LETWmmr3iAEQktW
5,Mask Off,Future,1872,2017-03-31,lu,3rOSwuTsUlJp0Pu0MkN8r8
6,Passionfruit,Drake,1848,2017-03-31,lu,7hDc8b7IXETo14hHIHdnhd
7,Galway Girl,Ed Sheeran,1782,2017-03-31,lu,0afhq8XCExXpqazXczTSve
8,Stay (with Alessia Cara),Zedd,1644,2017-03-31,lu,0dA2Mk56wEzDgegdC6R17g
9,Paris,The Chainsmokers,1564,2017-03-31,lu,72jbDTw1piOOj770jWNeaG
10,You Don't Know Me - Radio Edit,Jax Jones,1507,2017-03-31,lu,00lNx0OcTJrS3MKHcB80HY
11,Scared to Be Lonely,Martin Garrix,1441,2017-03-31,lu,3ebXMykcMXOcLeJ9xZ17XH
12,"I Don’t Wanna Live Forever (Fifty Shades Darker) - From ""Fifty Shades Darker (Original Motion Picture Soundtrack)""",ZAYN,1388,2017-03-31,lu,3NdDpSvN911VPGivFlV5d0
13,Symphony (feat. Zara Larsson),Clean Bandit,1370,2017-03-31,lu,1x5sYLZiu9r5E43kMlt9f8
14,Swalla (feat. Nicki Minaj & Ty Dolla $ign),Jason Derulo,1365,2017-03-31,lu,6kex4EBAj0WHXDKZMEJaaF
15,Issues,Julia Michaels,1351,2017-03-31,lu,1sXUWdKx03aP9Gmzft58rt
16,Call On Me - Ryan Riback Extended Remix,Starley,1344,2017-03-31,lu,78rIJddV4X0HkNAInEcYde
17,Slide (feat. Frank Ocean & Migos),Calvin Harris,1334,2017-03-31,lu,7tr2za8SQg2CI8EDgrdtNl
18,That's What I Like,Bruno Mars,1331,2017-03-31,lu,0KKkJNfGyhkQ5aFogxQAPU
19,Solo Dance,Martin Jensen,1234,2017-03-31,lu,6HUnnBwYZqcED1eQztxMBN
20,Cold,Maroon 5,1222,2017-03-31,lu,5NNlUMcOEOdoOIwwaWXv0k
21,Run Up (feat. PARTYNEXTDOOR & Nicki Minaj),Major Lazer,1193,2017-03-31,lu,0fg8CqpjdojMyXLNzM2PaJ
22,Believer,Imagine Dragons,1122,2017-03-31,lu,0CcQNd8CINkwQfe1RDtGV6
23,Castle on the Hill,Ed Sheeran,1051,2017-03-31,lu,6PCUP3dWmTjcTtXY02oFdT
24,Chained To The Rhythm,Katy Perry,1001,2017-03-31,lu,6520aj0B4FSKGVuKNsOCOi
Position,Track Name,Artist,Streams,date,region,spotify_id
1,Shape of You,Ed Sheeran,3301,2017-04-07,lu,7qiZfU4dY1lWllzX7mPBI3
2,Something Just Like This,The Chainsmokers,2196,2017-04-07,lu,6RUKPb4LETWmmr3iAEQktW
3,Mask Off,Future,2174,2017-04-07,lu,3rOSwuTsUlJp0Pu0MkN8r8
4,It Ain't Me (with Selena Gomez),Kygo,2144,2017-04-07,lu,3eR23VReFzcdmS7TYCrhCe
5,Despacito (Featuring Daddy Yankee),Luis Fonsi,1804,2017-04-07,lu,4aWmUDTfIPGksMNLV2rQP2
6,Passionfruit,Drake,1800,2017-04-07,lu,7hDc8b7IXETo14hHIHdnhd
7,Stay (with Alessia Cara),Zedd,1705,2017-04-07,lu,0dA2Mk56wEzDgegdC6R17g
8,Paris,The Chainsmokers,1693,2017-04-07,lu,72jbDTw1piOOj770jWNeaG
9,Symphony (feat. Zara Larsson),Clean Bandit,1671,2017-04-07,lu,1x5sYLZiu9r5E43kMlt9f8
10,HUMBLE.,Kendrick Lamar,1652,2017-04-07,lu,7KXjTSCq5nL1LoYtL7XAwS
11,You Don't Know Me - Radio Edit,Jax Jones,1587,2017-04-07,lu,00lNx0OcTJrS3MKHcB80HY
12,Galway Girl,Ed Sheeran,1580,2017-04-07,lu,0afhq8XCExXpqazXczTSve
13,Swalla (feat. Nicki Minaj & Ty Dolla $ign),Jason Derulo,1536,2017-04-07,lu,6kex4EBAj0WHXDKZMEJaaF
14,Issues,Julia Michaels,1420,2017-04-07,lu,1sXUWdKx03aP9Gmzft58rt
15,Slide (feat. Frank Ocean & Migos),Calvin Harris,1383,2017-04-07,lu,7tr2za8SQg2CI8EDgrdtNl
16,Scared to Be Lonely,Martin Garrix,1347,2017-04-07,lu,3ebXMykcMXOcLeJ9xZ17XH
17,That's What I Like,Bruno Mars,1344,2017-04-07,lu,0KKkJNfGyhkQ5aFogxQAPU
18,Call On Me - Ryan Riback Extended Remix,Starley,1314,2017-04-07,lu,78rIJddV4X0HkNAInEcYde
19,Cold,Maroon 5,1282,2017-04-07,lu,5NNlUMcOEOdoOIwwaWXv0k
20,Solo Dance,Martin Jensen,1220,2017-04-07,lu,6HUnnBwYZqcED1eQztxMBN
21,Run Up (feat. PARTYNEXTDOOR & Nicki Minaj),Major Lazer,1176,2017-04-07,lu,0fg8CqpjdojMyXLNzM2PaJ
22,Believer,Imagine Dragons,1157,2017-04-07,lu,0CcQNd8CINkwQfe1RDtGV6
23,"I Don’t Wanna Live Forever (Fifty Shades Darker) - From ""Fifty Shades Darker (Original Motion Picture Soundtrack)""",ZAYN,1075,2017-04-07,lu,3NdDpSvN911VPGivFlV5d0
24,Selfish (feat. Rihanna),Future,1020,2017-04-07,lu,2Ce5IyMlVRVvN997ZJjJJA
25,The One,The Chainsmokers,1005,2017-04-07,lu,0wfbD5rAksdXUzRvMfM3x5
Position,Track Name,Artist,Streams,date,region,spotify_id
1,Shape of You,Ed Sheeran,3058,2017-04-14,lu,7qiZfU4dY1lWllzX7mPBI3
2,HUMBLE.,Kendrick Lamar,2151,2017-04-14,lu,7KXjTSCq5nL1LoYtL7XAwS
3,Mask Off,Future,2037,2017-04-14,lu,3rOSwuTsUlJp0Pu0MkN8r8
4,Something Just Like This,The Chainsmokers,2033,2017-04-14,lu,6RUKPb4LETWmmr3iAEQktW
5,It Ain't Me (with Selena Gomez),Kygo,1919,2017-04-14,lu,3eR23VReFzcdmS7TYCrhCe
6,Swalla (feat. Nicki Minaj & Ty Dolla $ign),Jason Derulo,1670,2017-04-14,lu,6kex4EBAj0WHXDKZMEJaaF
7,Despacito (Featuring Daddy Yankee),Luis Fonsi,1651,2017-04-14,lu,4aWmUDTfIPGksMNLV2rQP2
8,Symphony (feat. Zara Larsson),Clean Bandit,1530,2017-04-14,lu,1x5sYLZiu9r5E43kMlt9f8
9,Stay (with Alessia Cara),Zedd,1488,2017-04-14,lu,0dA2Mk56wEzDgegdC6R17g
10,Passionfruit,Drake,1480,2017-04-14,lu,7hDc8b7IXETo14hHIHdnhd
11,Paris,The Chainsmokers,1467,2017-04-14,lu,72jbDTw1piOOj770jWNeaG
12,Galway Girl,Ed Sheeran,1375,2017-04-14,lu,0afhq8XCExXpqazXczTSve
13,You Don't Know Me - Radio Edit,Jax Jones,1362,2017-04-14,lu,00lNx0OcTJrS3MKHcB80HY
14,DNA.,Kendrick Lamar,1356,2017-04-14,lu,6HZILIRieu8S0iqY8kIKhj
15,Scared to Be Lonely,Martin Garrix,1281,2017-04-14,lu,3ebXMykcMXOcLeJ9xZ17XH
16,Issues,Julia Michaels,1277,2017-04-14,lu,1sXUWdKx03aP9Gmzft58rt
17,LOYALTY. FEAT. RIHANNA.,Kendrick Lamar,1254,2017-04-14,lu,6SwRhMLwNqEi6alNPVG00n
18,That's What I Like,Bruno Mars,1253,2017-04-14,lu,0KKkJNfGyhkQ5aFogxQAPU
19,Call On Me - Ryan Riback Extended Remix,Starley,1209,2017-04-14,lu,78rIJddV4X0HkNAInEcYde
20,Slide (feat. Frank Ocean & Migos),Calvin Harris,1189,2017-04-14,lu,7tr2za8SQg2CI8EDgrdtNl
21,ELEMENT.,Kendrick Lamar,1133,2017-04-14,lu,1EaKU4dMbesXXd3BrLCtYG
22,Solo Dance,Martin Jensen,1114,2017-04-14,lu,6HUnnBwYZqcED1eQztxMBN
23,Run Up (feat. PARTYNEXTDOOR & Nicki Minaj),Major Lazer,1012,2017-04-14,lu,0fg8CqpjdojMyXLNzM2PaJ
Position,Track Name,Artist,Streams,date,region,spotify_id
1,Shape of You,Ed Sheeran,2642,2017-04-21,lu,7qiZfU4dY1lWllzX7mPBI3
2,Despacito - Remix,Luis Fonsi,2071,2017-04-21,lu,5CtI0qwDJkDQGwXD1H1cLb
3,Mask Off,Future,2004,2017-04-21,lu,3rOSwuTsUlJp0Pu0MkN8r8
4,HUMBLE.,Kendrick Lamar,1908,2017-04-21,lu,7KXjTSCq5nL1LoYtL7XAwS
5,It Ain't Me (with Selena Gomez),Kygo,1737,2017-04-21,lu,3eR23VReFzcdmS7TYCrhCe
6,Something Just Like This,The Chainsmokers,1661,2017-04-21,lu,6RUKPb4LETWmmr3iAEQktW
7,Despacito (Featuring Daddy Yankee),Luis Fonsi,1597,2017-04-21,lu,4aWmUDTfIPGksMNLV2rQP2
8,Symphony (feat. Zara Larsson),Clean Bandit,1584,2017-04-21,lu,1x5sYLZiu9r5E43kMlt9f8
9,Swalla (feat. Nicki Minaj & Ty Dolla $ign),Jason Derulo,1540,2017-04-21,lu,6kex4EBAj0WHXDKZMEJaaF
10,Stay (with Alessia Cara),Zedd,1389,2017-04-21,lu,0dA2Mk56wEzDgegdC6R17g
11,You Don't Know Me - Radio Edit,Jax Jones,1370,2017-04-21,lu,00lNx0OcTJrS3MKHcB80HY
12,Passionfruit,Drake,1344,2017-04-21,lu,7hDc8b7IXETo14hHIHdnhd
13,Galway Girl,Ed Sheeran,1326,2017-04-21,lu,0afhq8XCExXpqazXczTSve
14,DNA.,Kendrick Lamar,1185,2017-04-21,lu,6HZILIRieu8S0iqY8kIKhj
15,That's What I Like,Bruno Mars,1148,2017-04-21,lu,0KKkJNfGyhkQ5aFogxQAPU
16,Solo Dance,Martin Jensen,1147,2017-04-21,lu,6HUnnBwYZqcED1eQztxMBN
17,Issues,Julia Michaels,1140,2017-04-21,lu,1sXUWdKx03aP9Gmzft58rt
18,Paris,The Chainsmokers,1140,2017-04-21,lu,72jbDTw1piOOj770jWNeaG
19,Scared to Be Lonely,Martin Garrix,1110,2017-04-21,lu,3ebXMykcMXOcLeJ9xZ17XH
20,Slide (feat. Frank Ocean & Migos),Calvin Harris,1049,2017-04-21,lu,7tr2za8SQg2CI8EDgrdtNl
Position,Track Name,Artist,Streams,date,region,spotify_id
1,Despacito - Remix,Luis Fonsi,2896,2017-04-28,lu,5CtI0qwDJkDQGwXD1H1cLb
2,Shape of You,Ed Sheeran,2574,2017-04-28,lu,7qiZfU4dY1lWllzX7mPBI3
3,Mask Off,Future,2019,2017-04-28,lu,3rOSwuTsUlJp0Pu0MkN8r8
4,HUMBLE.,Kendrick Lamar,1925,2017-04-28,lu,7KXjTSCq5nL1LoYtL7XAwS
5,Despacito (Featuring Daddy Yankee),Luis Fonsi,1836,2017-04-28,lu,4aWmUDTfIPGksMNLV2rQP2
6,Something Just Like This,The Chainsmokers,1784,2017-04-28,lu,6RUKPb4LETWmmr3iAEQktW
7,It Ain't Me (with Selena Gomez),Kygo,1664,2017-04-28,lu,3eR23VReFzcdmS7TYCrhCe
8,Swalla (feat. Nicki Minaj & Ty Dolla $ign),Jason Derulo,1582,2017-04-28,lu,6kex4EBAj0WHXDKZMEJaaF
9,Symphony (feat. Zara Larsson),Clean Bandit,1512,2017-04-28,lu,1x5sYLZiu9r5E43kMlt9f8
10,Stay (with Alessia Cara),Zedd,1509,2017-04-28,lu,0dA2Mk56wEzDgegdC6R17g
11,Galway Girl,Ed Sheeran,1327,2017-04-28,lu,0afhq8XCExXpqazXczTSve
12,Passionfruit,Drake,1315,2017-04-28,lu,7hDc8b7IXETo14hHIHdnhd
13,There's Nothing Holdin' Me Back,Shawn Mendes,1285,2017-04-28,lu,79cuOz3SPQTuFrp8WgftAu
14,Scared to Be Lonely,Martin Garrix,1213,2017-04-28,lu,3ebXMykcMXOcLeJ9xZ17XH
15,You Don't Know Me - Radio Edit,Jax Jones,1170,2017-04-28,lu,00lNx0OcTJrS3MKHcB80HY
16,Good Life (with G-Eazy & Kehlani),G-Eazy,1140,2017-04-28,lu,1Eck97uRMlprKOOJN9oO1E
17,Slide (feat. Frank Ocean & Migos),Calvin Harris,1122,2017-04-28,lu,7tr2za8SQg2CI8EDgrdtNl
18,Issues,Julia Michaels,1112,2017-04-28,lu,1sXUWdKx03aP9Gmzft58rt
19,DNA.,Kendrick Lamar,1107,2017-04-28,lu,6HZILIRieu8S0iqY8kIKhj
20,Call On Me - Ryan Riback Extended Remix,Starley,1067,2017-04-28,lu,78rIJddV4X0HkNAInEcYde
21,Solo Dance,Martin Jensen,1062,2017-04-28,lu,6HUnnBwYZqcED1eQztxMBN
22,Believer,Imagine Dragons,1019,2017-04-28,lu,0CcQNd8CINkwQfe1RDtGV6
Position,Track Name,Artist,Streams,date,region,spotify_id
1,Despacito - Remix,Luis Fonsi,2997,2017-05-05,lu,5CtI0qwDJkDQGwXD1H1cLb
2,Shape of You,Ed Sheeran,2418,2017-05-05,lu,7qiZfU4dY1lWllzX7mPBI3
3,I'm the One,DJ Khaled,2170,2017-05-05,lu,72Q0FQQo32KJloivv5xge2
4,Mask Off,Future,1966,2017-05-05,lu,3rOSwuTsUlJp0Pu0MkN8r8
5,HUMBLE.,Kendrick Lamar,1797,2017-05-05,lu,7KXjTSCq5nL1LoYtL7XAwS
6,Despacito (Featuring Daddy Yankee),Luis Fonsi,1789,2017-05-05,lu,4aWmUDTfIPGksMNLV2rQP2
7,Something Just Like This,The Chainsmokers,1785,2017-05-05,lu,6RUKPb4LETWmmr3iAEQktW
8,It Ain't Me (with Selena Gomez),Kygo,1623,2017-05-05,lu,3eR23VReFzcdmS7TYCrhCe
9,Swalla (feat. Nicki Minaj & Ty Dolla $ign),Jason Derulo,1561,2017-05-05,lu,6kex4EBAj0WHXDKZMEJaaF
10,Symphony (feat. Zara Larsson),Clean Bandit,1477,2017-05-05,lu,1x5sYLZiu9r5E43kMlt9f8
11,Stay (with Alessia Cara),Zedd,1343,2017-05-05,lu,0dA2Mk56wEzDgegdC6R17g
12,There's Nothing Holdin' Me Back,Shawn Mendes,1316,2017-05-05,lu,79cuOz3SPQTuFrp8WgftAu
13,Unforgettable,French Montana,1262,2017-05-05,lu,1F2HXIJrE2Xn81OzT2zZvW
14,Scared to Be Lonely,Martin Garrix,1246,2017-05-05,lu,0KR2W3St74th8z3LS94Ffh
15,Passionfruit,Drake,1199,2017-05-05,lu,7hDc8b7IXETo14hHIHdnhd
16,Galway Girl,Ed Sheeran,1180,2017-05-05,lu,0afhq8XCExXpqazXczTSve
17,Issues,Julia Michaels,1088,2017-05-05,lu,1sXUWdKx03aP9Gmzft58rt
18,Slide (feat. Frank Ocean & Migos),Calvin Harris,1088,2017-05-05,lu,6gpcs5eMhJwax4mIfKDYQk
19,You Don't Know Me - Radio Edit,Jax Jones,1052,2017-05-05,lu,4WrS6vezaPwOafKJmHqMEU
20,Good Life (with G-Eazy & Kehlani),G-Eazy,1051,2017-05-05,lu,1Eck97uRMlprKOOJN9oO1E
21,Call On Me - Ryan Riback Extended Remix,Starley,1040,2017-05-05,lu,78rIJddV4X0HkNAInEcYde
22,That's What I Like,Bruno Mars,1040,2017-05-05,lu,0KKkJNfGyhkQ5aFogxQAPU
23,Believer,Imagine Dragons,1023,2017-05-05,lu,6VRghJeP6I0w1KxkdWFfIh
Position,Track Name,Artist,Streams,date,region,spotify_id
1,Despacito - Remix,Luis Fonsi,3094,2017-05-12,lu,5CtI0qwDJkDQGwXD1H1cLb
2,Shape of You,Ed Sheeran,2489,2017-05-12,lu,7qiZfU4dY1lWllzX7mPBI3
3,I'm the One,DJ Khaled,2138,2017-05-12,lu,72Q0FQQo32KJloivv5xge2
4,Mask Off,Future,2087,2017-05-12,lu,3rOSwuTsUlJp0Pu0MkN8r8
5,Despacito (Featuring Daddy Yankee),Luis Fonsi,1941,2017-05-12,lu,4aWmUDTfIPGksMNLV2rQP2
6,It Ain't Me (with Selena Gomez),Kygo,1767,2017-05-12,lu,3eR23VReFzcdmS7TYCrhCe
7,Something Just Like This,The Chainsmokers,1693,2017-05-12,lu,6RUKPb4LETWmmr3iAEQktW
8,HUMBLE.,Kendrick Lamar,1661,2017-05-12,lu,7KXjTSCq5nL1LoYtL7XAwS
9,Swalla (feat. Nicki Minaj & Ty Dolla $ign),Jason Derulo,1641,2017-05-12,lu,6kex4EBAj0WHXDKZMEJaaF
10,Symphony (feat. Zara Larsson),Clean Bandit,1564,2017-05-12,lu,1x5sYLZiu9r5E43kMlt9f8
11,There's Nothing Holdin' Me Back,Shawn Mendes,1519,2017-05-12,lu,79cuOz3SPQTuFrp8WgftAu
12,Stay (with Alessia Cara),Zedd,1480,2017-05-12,lu,0dA2Mk56wEzDgegdC6R17g
13,Unforgettable,French Montana,1403,2017-05-12,lu,1F2HXIJrE2Xn81OzT2zZvW
14,Passionfruit,Drake,1286,2017-05-12,lu,7hDc8b7IXETo14hHIHdnhd
15,Slide (feat. Frank Ocean & Migos),Calvin Harris,1241,2017-05-12,lu,6gpcs5eMhJwax4mIfKDYQk
16,First Time,Kygo,1207,2017-05-12,lu,2Gl0FzuLxflY6nPifJp5Dr
17,Attention,Charlie Puth,1166,2017-05-12,lu,4iLqG9SeJSnt0cSPICSjxv
18,Galway Girl,Ed Sheeran,1126,2017-05-12,lu,0afhq8XCExXpqazXczTSve
19,Scared to Be Lonely,Martin Garrix,1105,2017-05-12,lu,3ebXMykcMXOcLeJ9xZ17XH
20,Thunder,Imagine Dragons,1091,2017-05-12,lu,56lBX2WHqfGuoeZxZvUnVj
21,You Don't Know Me - Radio Edit,Jax Jones,1058,2017-05-12,lu,4WrS6vezaPwOafKJmHqMEU
22,That's What I Like,Bruno Mars,1052,2017-05-12,lu,0KKkJNfGyhkQ5aFogxQAPU
23,Issues,Julia Michaels,1036,2017-05-12,lu,1sXUWdKx03aP9Gmzft58rt
24,Pretty Girl - Cheat Codes X CADE Remix,Maggie Lindemann,1028,2017-05-12,lu,39IsH7B5byx8NRlEKlZVg9
25,Call On Me - Ryan Riback Extended Remix,Starley,1006,2017-05-12,lu,78rIJddV4X0HkNAInEcYde
26,Malibu,Miley Cyrus,1002,2017-05-12,lu,2habSXqcJGExM6JJyskY7O
Position,Track Name,Artist,Streams,date,region,spotify_id
1,Despacito - Remix,Luis Fonsi,3023,2017-05-19,lu,5CtI0qwDJkDQGwXD1H1cLb
2,I'm the One,DJ Khaled,2281,2017-05-19,lu,72Q0FQQo32KJloivv5xge2
3,Shape of You,Ed Sheeran,2174,2017-05-19,lu,7qiZfU4dY1lWllzX7mPBI3
4,Despacito (Featuring Daddy Yankee),Luis Fonsi,1793,2017-05-19,lu,4aWmUDTfIPGksMNLV2rQP2
5,Mask Off,Future,1779,2017-05-19,lu,3rOSwuTsUlJp0Pu0MkN8r8
6,Bad Liar,Selena Gomez,1713,2017-05-19,lu,1sCxVKWImDZSZKvG0U9B23
7,There's Nothing Holdin' Me Back,Shawn Mendes,1688,2017-05-19,lu,79cuOz3SPQTuFrp8WgftAu
8,Swalla (feat. Nicki Minaj & Ty Dolla $ign),Jason Derulo,1562,2017-05-19,lu,6kex4EBAj0WHXDKZMEJaaF
9,HUMBLE.,Kendrick Lamar,1554,2017-05-19,lu,7KXjTSCq5nL1LoYtL7XAwS
10,It Ain't Me (with Selena Gomez),Kygo,1528,2017-05-19,lu,3eR23VReFzcdmS7TYCrhCe
11,Unforgettable,French Montana,1514,2017-05-19,lu,1F2HXIJrE2Xn81OzT2zZvW
12,Symphony (feat. Zara Larsson),Clean Bandit,1436,2017-05-19,lu,1x5sYLZiu9r5E43kMlt9f8
13,Stay (with Alessia Cara),Zedd,1416,2017-05-19,lu,0dA2Mk56wEzDgegdC6R17g
14,Attention,Charlie Puth,1408,2017-05-19,lu,4iLqG9SeJSnt0cSPICSjxv
15,Something Just Like This,The Chainsmokers,1392,2017-05-19,lu,6RUKPb4LETWmmr3iAEQktW
16,Thunder,Imagine Dragons,1337,2017-05-19,lu,56lBX2WHqfGuoeZxZvUnVj
17,No Promises (feat. Demi Lovato),Cheat Codes,1105,2017-05-19,lu,1louJpMmzEicAn7lzDalPW
18,First Time,Kygo,1102,2017-05-19,lu,2Gl0FzuLxflY6nPifJp5Dr
19,Malibu,Miley Cyrus,1072,2017-05-19,lu,2habSXqcJGExM6JJyskY7O
20,Galway Girl,Ed Sheeran,1063,2017-05-19,lu,0afhq8XCExXpqazXczTSve
21,Passionfruit,Drake,1023,2017-05-19,lu,7hDc8b7IXETo14hHIHdnhd
Position,Track Name,Artist,Streams,date,region,spotify_id
1,Despacito - Remix,Luis Fonsi,3220,2017-05-26,lu,5CtI0qwDJkDQGwXD1H1cLb
2,I'm the One,DJ Khaled,2338,2017-05-26,lu,72Q0FQQo32KJloivv5xge2
3,Shape of You,Ed Sheeran,2056,2017-05-26,lu,7qiZfU4dY1lWllzX7mPBI3
4,Despacito (Featuring Daddy Yankee),Luis Fonsi,1782,2017-05-26,lu,4aWmUDTfIPGksMNLV2rQP2
5,Mask Off,Future,1763,2017-05-26,lu,3rOSwuTsUlJp0Pu0MkN8r8
6,Unforgettable,French Montana,1756,2017-05-26,lu,1F2HXIJrE2Xn81OzT2zZvW
7,Swalla (feat. Nicki Minaj & Ty Dolla $ign),Jason Derulo,1674,2017-05-26,lu,6kex4EBAj0WHXDKZMEJaaF
8,There's Nothing Holdin' Me Back,Shawn Mendes,1662,2017-05-26,lu,79cuOz3SPQTuFrp8WgftAu
9,HUMBLE.,Kendrick Lamar,1589,2017-05-26,lu,7KXjTSCq5nL1LoYtL7XAwS
10,It Ain't Me (with Selena Gomez),Kygo,1582,2017-05-26,lu,3eR23VReFzcdmS7TYCrhCe
11,Thunder,Imagine Dragons,1510,2017-05-26,lu,56lBX2WHqfGuoeZxZvUnVj
12,Symphony (feat. Zara Larsson),Clean Bandit,1495,2017-05-26,lu,1x5sYLZiu9r5E43kMlt9f8
13,Something Just Like This,The Chainsmokers,1413,2017-05-26,lu,6RUKPb4LETWmmr3iAEQktW
14,Attention,Charlie Puth,1383,2017-05-26,lu,4iLqG9SeJSnt0cSPICSjxv
15,Stay (with Alessia Cara),Zedd,1312,2017-05-26,lu,0dA2Mk56wEzDgegdC6R17g
16,Bad Liar,Selena Gomez,1303,2017-05-26,lu,1sCxVKWImDZSZKvG0U9B23
17,No Promises (feat. Demi Lovato),Cheat Codes,1232,2017-05-26,lu,1louJpMmzEicAn7lzDalPW
18,SUBEME LA RADIO,Enrique Iglesias,1220,2017-05-26,lu,7nKBxz47S9SD79N086fuhn
19,First Time,Kygo,1168,2017-05-26,lu,2Gl0FzuLxflY6nPifJp5Dr
20,There for You,Martin Garrix,1146,2017-05-26,lu,6jA8HL9i4QGzsj6fjoxp8Y
21,Malibu,Miley Cyrus,1143,2017-05-26,lu,2habSXqcJGExM6JJyskY7O
22,Pretty Girl - Cheat Codes X CADE Remix,Maggie Lindemann,1081,2017-05-26,lu,39IsH7B5byx8NRlEKlZVg9
23,Mama,Jonas Blue,1040,2017-05-26,lu,4xlrALxuaCf9yZBHJeTSG6
24,Slide (feat. Frank Ocean & Migos),Calvin Harris,1010,2017-05-26,lu,6gpcs5eMhJwax4mIfKDYQk
Position,Track Name,Artist,Streams,date,region,spotify_id
1,Despacito - Remix,Luis Fonsi,2580,2017-06-09,lu,5CtI0qwDJkDQGwXD1H1cLb
2,2U (feat. Justin Bieber),David Guetta,2112,2017-06-09,lu,3A7qX2QjDlPnazUsRk5y0M
3,Shape of You,Ed Sheeran,1871,2017-06-09,lu,7qiZfU4dY1lWllzX7mPBI3
4,"I'm the One (feat. Justin Bieber, Quavo, Chance the Rapper & Lil Wayne)",DJ Khaled,1849,2017-06-09,lu,3DXncPQOG4VBw3QHh3S817
5,Unforgettable,French Montana,1783,2017-06-09,lu,3B54sVLJ402zGa6Xm4YGNe
6,Despacito (Featuring Daddy Yankee),Luis Fonsi,1648,2017-06-09,lu,4aWmUDTfIPGksMNLV2rQP2
7,Attention,Charlie Puth,1552,2017-06-09,lu,4iLqG9SeJSnt0cSPICSjxv
8,There's Nothing Holdin' Me Back,Shawn Mendes,1483,2017-06-09,lu,79cuOz3SPQTuFrp8WgftAu
9,Swalla (feat. Nicki Minaj & Ty Dolla $ign),Jason Derulo,1434,2017-06-09,lu,6kex4EBAj0WHXDKZMEJaaF
10,There for You,Martin Garrix,1421,2017-06-09,lu,6jA8HL9i4QGzsj6fjoxp8Y
11,Thunder,Imagine Dragons,1386,2017-06-09,lu,0tKcYR2II1VCQWT79i5NrW
12,Something Just Like This,The Chainsmokers,1366,2017-06-09,lu,6RUKPb4LETWmmr3iAEQktW
13,Mama,Jonas Blue,1357,2017-06-09,lu,0NiXXAI876aGImAd6rTj8w
14,Symphony (feat. Zara Larsson),Clean Bandit,1334,2017-06-09,lu,1x5sYLZiu9r5E43kMlt9f8
15,Mask Off,Future,1333,2017-06-09,lu,3rOSwuTsUlJp0Pu0MkN8r8
16,Strip That Down,Liam Payne,1303,2017-06-09,lu,6EpRaXYhGOB3fj4V2uDkMJ
17,HUMBLE.,Kendrick Lamar,1212,2017-06-09,lu,7KXjTSCq5nL1LoYtL7XAwS
18,"Know No Better (feat. Travis Scott, Camila Cabello & Quavo)",Major Lazer,1157,2017-06-09,lu,3Ytr1SUCUi6J3L9dRFx5iH
19,It Ain't Me (with Selena Gomez),Kygo,1152,2017-06-09,lu,3eR23VReFzcdmS7TYCrhCe
20,Stay (with Alessia Cara),Zedd,1064,2017-06-09,lu,0dA2Mk56wEzDgegdC6R17g
21,Pretty Girl - Cheat Codes X CADE Remix,Maggie Lindemann,1017,2017-06-09,lu,1NDxZ7cFAo481dtYWdrUnR
22,SUBEME LA RADIO,Enrique Iglesias,1006,2017-06-09,lu,7nKBxz47S9SD79N086fuhn
23,No Promises (feat. Demi Lovato),Cheat Codes,1004,2017-06-09,lu,1louJpMmzEicAn7lzDalPW
Position,Track Name,Artist,Streams,date,region,spotify_id
1,Despacito - Remix,Luis Fonsi,2643,2017-06-16,lu,5CtI0qwDJkDQGwXD1H1cLb
2,2U (feat. Justin Bieber),David Guetta,2320,2017-06-16,lu,3A7qX2QjDlPnazUsRk5y0M
3,"I'm the One (feat. Justin Bieber, Quavo, Chance the Rapper & Lil Wayne)",DJ Khaled,1861,2017-06-16,lu,3DXncPQOG4VBw3QHh3S817
4,Unforgettable,French Montana,1843,2017-06-16,lu,3B54sVLJ402zGa6Xm4YGNe
5,Shape of You,Ed Sheeran,1811,2017-06-16,lu,7qiZfU4dY1lWllzX7mPBI3
6,Despacito (Featuring Daddy Yankee),Luis Fonsi,1711,2017-06-16,lu,4aWmUDTfIPGksMNLV2rQP2
7,Attention,Charlie Puth,1505,2017-06-16,lu,4iLqG9SeJSnt0cSPICSjxv
8,Swalla (feat. Nicki Minaj & Ty Dolla $ign),Jason Derulo,1473,2017-06-16,lu,6kex4EBAj0WHXDKZMEJaaF
9,Thunder,Imagine Dragons,1461,2017-06-16,lu,0tKcYR2II1VCQWT79i5NrW
10,HUMBLE.,Kendrick Lamar,1428,2017-06-16,lu,7KXjTSCq5nL1LoYtL7XAwS
11,Mama,Jonas Blue,1414,2017-06-16,lu,0NiXXAI876aGImAd6rTj8w
12,There's Nothing Holdin' Me Back,Shawn Mendes,1413,2017-06-16,lu,79cuOz3SPQTuFrp8WgftAu
13,Something Just Like This,The Chainsmokers,1384,2017-06-16,lu,6RUKPb4LETWmmr3iAEQktW
14,Mask Off,Future,1374,2017-06-16,lu,3rOSwuTsUlJp0Pu0MkN8r8
15,Strip That Down,Liam Payne,1371,2017-06-16,lu,6EpRaXYhGOB3fj4V2uDkMJ
16,Symphony (feat. Zara Larsson),Clean Bandit,1357,2017-06-16,lu,1x5sYLZiu9r5E43kMlt9f8
17,There for You,Martin Garrix,1355,2017-06-16,lu,6jA8HL9i4QGzsj6fjoxp8Y
18,"Know No Better (feat. Travis Scott, Camila Cabello & Quavo)",Major Lazer,1276,2017-06-16,lu,3Ytr1SUCUi6J3L9dRFx5iH
19,XO TOUR Llif3,Lil Uzi Vert,1164,2017-06-16,lu,2eMwDehkIC1j68U6FA3Eiq
20,It Ain't Me (with Selena Gomez),Kygo,1086,2017-06-16,lu,3eR23VReFzcdmS7TYCrhCe
21,SUBEME LA RADIO,Enrique Iglesias,1083,2017-06-16,lu,7nKBxz47S9SD79N086fuhn
22,Your Song,Rita Ora,1075,2017-06-16,lu,4c2W3VKsOFoIg2SFaO6DY5
23,Stay (with Alessia Cara),Zedd,1060,2017-06-16,lu,0dA2Mk56wEzDgegdC6R17g
24,No Promises (feat. Demi Lovato),Cheat Codes,1047,2017-06-16,lu,1louJpMmzEicAn7lzDalPW
25,OK,Robin Schulz,1028,2017-06-16,lu,3bWAqKDWg6u1davspr5IkS
Position,Track Name,Artist,Streams,date,region,spotify_id
1,Despacito - Remix,Luis Fonsi,2425,2017-06-23,lu,5CtI0qwDJkDQGwXD1H1cLb
2,Wild Thoughts (feat. Rihanna & Bryson Tiller),DJ Khaled,2118,2017-06-23,lu,1OAh8uOEOvTDqkKFsKksCi
3,2U (feat. Justin Bieber),David Guetta,2032,2017-06-23,lu,3A7qX2QjDlPnazUsRk5y0M
4,"I'm the One (feat. Justin Bieber, Quavo, Chance the Rapper & Lil Wayne)",DJ Khaled,1805,2017-06-23,lu,3DXncPQOG4VBw3QHh3S817
5,Unforgettable,French Montana,1669,2017-06-23,lu,3B54sVLJ402zGa6Xm4YGNe
6,Despacito (Featuring Daddy Yankee),Luis Fonsi,1633,2017-06-23,lu,4aWmUDTfIPGksMNLV2rQP2
7,Shape of You,Ed Sheeran,1556,2017-06-23,lu,7qiZfU4dY1lWllzX7mPBI3
8,Thunder,Imagine Dragons,1513,2017-06-23,lu,0tKcYR2II1VCQWT79i5NrW
9,Mama,Jonas Blue,1449,2017-06-23,lu,0NiXXAI876aGImAd6rTj8w
10,Something Just Like This,The Chainsmokers,1300,2017-06-23,lu,6RUKPb4LETWmmr3iAEQktW
11,There's Nothing Holdin' Me Back,Shawn Mendes,1297,2017-06-23,lu,79cuOz3SPQTuFrp8WgftAu
12,Swalla (feat. Nicki Minaj & Ty Dolla $ign),Jason Derulo,1273,2017-06-23,lu,6kex4EBAj0WHXDKZMEJaaF
13,Attention,Charlie Puth,1249,2017-06-23,lu,4iLqG9SeJSnt0cSPICSjxv
14,There for You,Martin Garrix,1237,2017-06-23,lu,6jA8HL9i4QGzsj6fjoxp8Y
15,Believer,Imagine Dragons,1231,2017-06-23,lu,0CcQNd8CINkwQfe1RDtGV6
16,Strip That Down,Liam Payne,1224,2017-06-23,lu,6EpRaXYhGOB3fj4V2uDkMJ
17,Symphony (feat. Zara Larsson),Clean Bandit,1203,2017-06-23,lu,1x5sYLZiu9r5E43kMlt9f8
18,Mask Off,Future,1170,2017-06-23,lu,3rOSwuTsUlJp0Pu0MkN8r8
19,More Than You Know,Axwell /\ Ingrosso,1121,2017-06-23,lu,3PEgB3fkiojxms35ntsTgs
20,XO TOUR Llif3,Lil Uzi Vert,1043,2017-06-23,lu,2eMwDehkIC1j68U6FA3Eiq
21,SUBEME LA RADIO,Enrique Iglesias,1038,2017-06-23,lu,7nKBxz47S9SD79N086fuhn
22,OK,Robin Schulz,1038,2017-06-23,lu,3bWAqKDWg6u1davspr5IkS
Position,Track Name,Artist,Streams,date,region,spotify_id
1,Despacito - Remix,Luis Fonsi,2441,2017-06-30,lu,5CtI0qwDJkDQGwXD1H1cLb
2,Wild Thoughts (feat. Rihanna & Bryson Tiller),DJ Khaled,2316,2017-06-30,lu,1OAh8uOEOvTDqkKFsKksCi
3,2U (feat. Justin Bieber),David Guetta,2082,2017-06-30,lu,3A7qX2QjDlPnazUsRk5y0M
4,Unforgettable,French Montana,2052,2017-06-30,lu,1F2HXIJrE2Xn81OzT2zZvW
5,"I'm the One (feat. Justin Bieber, Quavo, Chance the Rapper & Lil Wayne)",DJ Khaled,1872,2017-06-30,lu,3DXncPQOG4VBw3QHh3S817
6,Thunder,Imagine Dragons,1660,2017-06-30,lu,0tKcYR2II1VCQWT79i5NrW
7,Shape of You,Ed Sheeran,1656,2017-06-30,lu,7qiZfU4dY1lWllzX7mPBI3
8,Mama,Jonas Blue,1633,2017-06-30,lu,4xlrALxuaCf9yZBHJeTSG6
9,Signs,Drake,1615,2017-06-30,lu,6Na5uKk5SsqZimk0hAWo8y
10,Despacito (Featuring Daddy Yankee),Luis Fonsi,1532,2017-06-30,lu,4aWmUDTfIPGksMNLV2rQP2
11,Attention,Charlie Puth,1492,2017-06-30,lu,4iLqG9SeJSnt0cSPICSjxv
12,There's Nothing Holdin' Me Back,Shawn Mendes,1485,2017-06-30,lu,79cuOz3SPQTuFrp8WgftAu
13,There for You,Martin Garrix,1446,2017-06-30,lu,6jA8HL9i4QGzsj6fjoxp8Y
14,Believer,Imagine Dragons,1316,2017-06-30,lu,0CcQNd8CINkwQfe1RDtGV6
15,"Feels (feat. Pharrell Williams, Katy Perry & Big Sean)",Calvin Harris,1315,2017-06-30,lu,5bcTCxgc7xVfSaMV3RuVke
16,More Than You Know,Axwell /\ Ingrosso,1280,2017-06-30,lu,4q8PHoRsPUB52LFylX8Ulz
17,Strip That Down,Liam Payne,1278,2017-06-30,lu,6EpRaXYhGOB3fj4V2uDkMJ
18,Something Just Like This,The Chainsmokers,1231,2017-06-30,lu,6RUKPb4LETWmmr3iAEQktW
19,XO TOUR Llif3,Lil Uzi Vert,1209,2017-06-30,lu,2eMwDehkIC1j68U6FA3Eiq
20,Mask Off,Future,1201,2017-06-30,lu,3rOSwuTsUlJp0Pu0MkN8r8
21,Symphony (feat. Zara Larsson),Clean Bandit,1173,2017-06-30,lu,1x5sYLZiu9r5E43kMlt9f8
22,Slide (feat. Frank Ocean & Migos),Calvin Harris,1165,2017-06-30,lu,7tr2za8SQg2CI8EDgrdtNl
23,"Know No Better (feat. Travis Scott, Camila Cabello & Quavo)",Major Lazer,1134,2017-06-30,lu,3Ytr1SUCUi6J3L9dRFx5iH
24,Swalla (feat. Nicki Minaj & Ty Dolla $ign),Jason Derulo,1111,2017-06-30,lu,6kex4EBAj0WHXDKZMEJaaF
25,OK,Robin Schulz,1076,2017-06-30,lu,3bWAqKDWg6u1davspr5IkS
26,Stay (with Alessia Cara),Zedd,1052,2017-06-30,lu,0dA2Mk56wEzDgegdC6R17g
27,SUBEME LA RADIO,Enrique Iglesias,1041,2017-06-30,lu,7nKBxz47S9SD79N086fuhn
28,HUMBLE.,Kendrick Lamar,1031,2017-06-30,lu,7KXjTSCq5nL1LoYtL7XAwS
Position,Track Name,Artist,Streams,date,region,spotify_id
1,Despacito - Remix,Luis Fonsi,2568,2017-07-07,lu,5CtI0qwDJkDQGwXD1H1cLb
2,Unforgettable,French Montana,2417,2017-07-07,lu,1F2HXIJrE2Xn81OzT2zZvW
3,Wild Thoughts (feat. Rihanna & Bryson Tiller),DJ Khaled,2376,2017-07-07,lu,1OAh8uOEOvTDqkKFsKksCi
4,2U (feat. Justin Bieber),David Guetta,2086,2017-07-07,lu,3A7qX2QjDlPnazUsRk5y0M
5,Mama,Jonas Blue,1876,2017-07-07,lu,4xlrALxuaCf9yZBHJeTSG6
6,"I'm the One (feat. Justin Bieber, Quavo, Chance the Rapper & Lil Wayne)",DJ Khaled,1785,2017-07-07,lu,3DXncPQOG4VBw3QHh3S817
7,Thunder,Imagine Dragons,1705,2017-07-07,lu,0tKcYR2II1VCQWT79i5NrW
8,Shape of You,Ed Sheeran,1704,2017-07-07,lu,7qiZfU4dY1lWllzX7mPBI3
9,Attention,Charlie Puth,1667,2017-07-07,lu,4iLqG9SeJSnt0cSPICSjxv
10,Despacito (Featuring Daddy Yankee),Luis Fonsi,1584,2017-07-07,lu,4aWmUDTfIPGksMNLV2rQP2
11,There's Nothing Holdin' Me Back,Shawn Mendes,1537,2017-07-07,lu,79cuOz3SPQTuFrp8WgftAu
12,"Feels (feat. Pharrell Williams, Katy Perry & Big Sean)",Calvin Harris,1489,2017-07-07,lu,5bcTCxgc7xVfSaMV3RuVke
13,There for You,Martin Garrix,1377,2017-07-07,lu,6jA8HL9i4QGzsj6fjoxp8Y
14,Something Just Like This,The Chainsmokers,1375,2017-07-07,lu,6RUKPb4LETWmmr3iAEQktW
15,More Than You Know,Axwell /\ Ingrosso,1363,2017-07-07,lu,4q8PHoRsPUB52LFylX8Ulz
16,Strip That Down,Liam Payne,1359,2017-07-07,lu,6EpRaXYhGOB3fj4V2uDkMJ
17,Mi Gente,J Balvin,1339,2017-07-07,lu,2rb5MvYT7ZIxbKW5hfcHx8
18,Swalla (feat. Nicki Minaj & Ty Dolla $ign),Jason Derulo,1317,2017-07-07,lu,6kex4EBAj0WHXDKZMEJaaF
19,Believer,Imagine Dragons,1261,2017-07-07,lu,0CcQNd8CINkwQfe1RDtGV6
20,XO TOUR Llif3,Lil Uzi Vert,1257,2017-07-07,lu,2eMwDehkIC1j68U6FA3Eiq
21,Slide (feat. Frank Ocean & Migos),Calvin Harris,1251,2017-07-07,lu,7tr2za8SQg2CI8EDgrdtNl
22,Your Song,Rita Ora,1227,2017-07-07,lu,4c2W3VKsOFoIg2SFaO6DY5
23,"Know No Better (feat. Travis Scott, Camila Cabello & Quavo)",Major Lazer,1215,2017-07-07,lu,3Ytr1SUCUi6J3L9dRFx5iH
24,OK,Robin Schulz,1215,2017-07-07,lu,3bWAqKDWg6u1davspr5IkS
25,Signs,Drake,1201,2017-07-07,lu,6Na5uKk5SsqZimk0hAWo8y
26,Mask Off,Future,1181,2017-07-07,lu,3rOSwuTsUlJp0Pu0MkN8r8
27,Symphony (feat. Zara Larsson),Clean Bandit,1146,2017-07-07,lu,1x5sYLZiu9r5E43kMlt9f8
28,Pretty Girl - Cheat Codes X CADE Remix,Maggie Lindemann,1051,2017-07-07,lu,1NDxZ7cFAo481dtYWdrUnR
29,SUBEME LA RADIO,Enrique Iglesias,1028,2017-07-07,lu,7nKBxz47S9SD79N086fuhn
30,HUMBLE.,Kendrick Lamar,1023,2017-07-07,lu,7KXjTSCq5nL1LoYtL7XAwS
31,Congratulations,Post Malone,1015,2017-07-07,lu,3a1lNhkSLSkpJE4MSHpDu9
Position,Track Name,Artist,Streams,date,region,spotify_id
1,Unforgettable,French Montana,2393,2017-07-14,lu,3B54sVLJ402zGa6Xm4YGNe
2,Wild Thoughts (feat. Rihanna & Bryson Tiller),DJ Khaled,2281,2017-07-14,lu,1OAh8uOEOvTDqkKFsKksCi
3,Despacito - Remix,Luis Fonsi,2217,2017-07-14,lu,5CtI0qwDJkDQGwXD1H1cLb
4,Mi Gente,J Balvin,1998,2017-07-14,lu,2rb5MvYT7ZIxbKW5hfcHx8
5,2U (feat. Justin Bieber),David Guetta,1880,2017-07-14,lu,3A7qX2QjDlPnazUsRk5y0M
6,Fetish (feat. Gucci Mane),Selena Gomez,1685,2017-07-14,lu,0XLOf9LhyazPX9Ld8jPiUq
7,Mama,Jonas Blue,1665,2017-07-14,lu,0NiXXAI876aGImAd6rTj8w
8,"I'm the One (feat. Justin Bieber, Quavo, Chance the Rapper & Lil Wayne)",DJ Khaled,1654,2017-07-14,lu,3DXncPQOG4VBw3QHh3S817
9,Shape of You,Ed Sheeran,1582,2017-07-14,lu,7qiZfU4dY1lWllzX7mPBI3
10,Thunder,Imagine Dragons,1580,2017-07-14,lu,0tKcYR2II1VCQWT79i5NrW
11,Attention,Charlie Puth,1514,2017-07-14,lu,4iLqG9SeJSnt0cSPICSjxv
12,"Feels (feat. Pharrell Williams, Katy Perry & Big Sean)",Calvin Harris,1459,2017-07-14,lu,5bcTCxgc7xVfSaMV3RuVke
13,There's Nothing Holdin' Me Back,Shawn Mendes,1443,2017-07-14,lu,79cuOz3SPQTuFrp8WgftAu
14,Strip That Down,Liam Payne,1413,2017-07-14,lu,6EpRaXYhGOB3fj4V2uDkMJ
15,Despacito (Featuring Daddy Yankee),Luis Fonsi,1403,2017-07-14,lu,4aWmUDTfIPGksMNLV2rQP2
16,XO TOUR Llif3,Lil Uzi Vert,1321,2017-07-14,lu,2eMwDehkIC1j68U6FA3Eiq
17,More Than You Know,Axwell /\ Ingrosso,1312,2017-07-14,lu,4q8PHoRsPUB52LFylX8Ulz
18,Something Just Like This,The Chainsmokers,1199,2017-07-14,lu,6RUKPb4LETWmmr3iAEQktW
19,There for You,Martin Garrix,1194,2017-07-14,lu,6jA8HL9i4QGzsj6fjoxp8Y
20,Swalla (feat. Nicki Minaj & Ty Dolla $ign),Jason Derulo,1161,2017-07-14,lu,6kex4EBAj0WHXDKZMEJaaF
21,Slide (feat. Frank Ocean & Migos),Calvin Harris,1124,2017-07-14,lu,7tr2za8SQg2CI8EDgrdtNl
22,Believer,Imagine Dragons,1118,2017-07-14,lu,0CcQNd8CINkwQfe1RDtGV6
23,"Know No Better (feat. Travis Scott, Camila Cabello & Quavo)",Major Lazer,1116,2017-07-14,lu,3Ytr1SUCUi6J3L9dRFx5iH
24,Your Song,Rita Ora,1087,2017-07-14,lu,4c2W3VKsOFoIg2SFaO6DY5
25,Symphony (feat. Zara Larsson),Clean Bandit,1084,2017-07-14,lu,1x5sYLZiu9r5E43kMlt9f8
26,Mask Off,Future,1062,2017-07-14,lu,3rOSwuTsUlJp0Pu0MkN8r8
27,Signs,Drake,1053,2017-07-14,lu,5EnYT6F7wEcdege6mDHEfO
28,SUBEME LA RADIO,Enrique Iglesias,1045,2017-07-14,lu,7nKBxz47S9SD79N086fuhn
29,Crying in the Club,Camila Cabello,1009,2017-07-14,lu,1SJtlNRJDeYHioymcvsqev
Position,Track Name,Artist,Streams,date,region,spotify_id
1,Unforgettable,French Montana,2373,2017-07-21,lu,3B54sVLJ402zGa6Xm4YGNe
2,Mi Gente,J Balvin,2135,2017-07-21,lu,2rb5MvYT7ZIxbKW5hfcHx8
3,Despacito - Remix,Luis Fonsi,2092,2017-07-21,lu,5CtI0qwDJkDQGwXD1H1cLb
4,In the End,Linkin Park,2080,2017-07-21,lu,60a0Rd6pjrkxjPbaKzXjfq
5,Wild Thoughts (feat. Rihanna & Bryson Tiller),DJ Khaled,2035,2017-07-21,lu,1OAh8uOEOvTDqkKFsKksCi
6,,,1832,2017-07-21,lu,3RXkboS74UYzN14xTqzPyY
7,Numb,Linkin Park,1673,2017-07-21,lu,2nLtzopw4rPReszdYBJU6h
8,Mama,Jonas Blue,1575,2017-07-21,lu,0NiXXAI876aGImAd6rTj8w
9,"I'm the One (feat. Justin Bieber, Quavo, Chance the Rapper & Lil Wayne)",DJ Khaled,1571,2017-07-21,lu,3DXncPQOG4VBw3QHh3S817
10,Shape of You,Ed Sheeran,1556,2017-07-21,lu,7qiZfU4dY1lWllzX7mPBI3
11,Despacito (Featuring Daddy Yankee),Luis Fonsi,1496,2017-07-21,lu,4aWmUDTfIPGksMNLV2rQP2
12,Thunder,Imagine Dragons,1487,2017-07-21,lu,0tKcYR2II1VCQWT79i5NrW
13,Heavy (feat. Kiiara),Linkin Park,1480,2017-07-21,lu,104buTcnP2AsxqB7U1FIZ4
14,"Feels (feat. Pharrell Williams, Katy Perry & Big Sean)",Calvin Harris,1430,2017-07-21,lu,5bcTCxgc7xVfSaMV3RuVke
15,Attention,Charlie Puth,1329,2017-07-21,lu,4iLqG9SeJSnt0cSPICSjxv
16,More Than You Know,Axwell /\ Ingrosso,1319,2017-07-21,lu,4q8PHoRsPUB52LFylX8Ulz
17,,,1289,2017-07-21,lu,4JAyIDXOqNM6qHuZML01uX
18,There's Nothing Holdin' Me Back,Shawn Mendes,1265,2017-07-21,lu,79cuOz3SPQTuFrp8WgftAu
19,Strip That Down,Liam Payne,1244,2017-07-21,lu,6EpRaXYhGOB3fj4V2uDkMJ
20,What I've Done,Linkin Park,1204,2017-07-21,lu,4kfm1uI9QGaoN9qm6CkAMn
21,There for You,Martin Garrix,1191,2017-07-21,lu,6jA8HL9i4QGzsj6fjoxp8Y
22,XO TOUR Llif3,Lil Uzi Vert,1186,2017-07-21,lu,2eMwDehkIC1j68U6FA3Eiq
23,Your Song,Rita Ora,1112,2017-07-21,lu,4c2W3VKsOFoIg2SFaO6DY5
24,SUBEME LA RADIO,Enrique Iglesias,1096,2017-07-21,lu,7nKBxz47S9SD79N086fuhn
25,Swalla (feat. Nicki Minaj & Ty Dolla $ign),Jason Derulo,1076,2017-07-21,lu,6kex4EBAj0WHXDKZMEJaaF
26,"Know No Better (feat. Travis Scott, Camila Cabello & Quavo)",Major Lazer,1046,2017-07-21,lu,3Ytr1SUCUi6J3L9dRFx5iH
27,Something Just Like This,The Chainsmokers,1035,2017-07-21,lu,6RUKPb4LETWmmr3iAEQktW
28,Believer,Imagine Dragons,1006,2017-07-21,lu,0CcQNd8CINkwQfe1RDtGV6
Position,Track Name,Artist,Streams,date,region,spotify_id
1,Mi Gente,J Balvin,2466,2017-07-28,lu,2rb5MvYT7ZIxbKW5hfcHx8
2,Unforgettable,French Montana,2246,2017-07-28,lu,3B54sVLJ402zGa6Xm4YGNe
3,Wild Thoughts (feat. Rihanna & Bryson Tiller),DJ Khaled,1906,2017-07-28,lu,1OAh8uOEOvTDqkKFsKksCi
4,Despacito - Remix,Luis Fonsi,1840,2017-07-28,lu,5CtI0qwDJkDQGwXD1H1cLb
5,2U (feat. Justin Bieber),David Guetta,1688,2017-07-28,lu,3A7qX2QjDlPnazUsRk5y0M
6,Mama,Jonas Blue,1625,2017-07-28,lu,0NiXXAI876aGImAd6rTj8w
7,Shape of You,Ed Sheeran,1485,2017-07-28,lu,7qiZfU4dY1lWllzX7mPBI3
8,"Feels (feat. Pharrell Williams, Katy Perry & Big Sean)",Calvin Harris,1458,2017-07-28,lu,5bcTCxgc7xVfSaMV3RuVke
9,"I'm the One (feat. Justin Bieber, Quavo, Chance the Rapper & Lil Wayne)",DJ Khaled,1454,2017-07-28,lu,3DXncPQOG4VBw3QHh3S817
10,More Than You Know,Axwell /\ Ingrosso,1437,2017-07-28,lu,3PEgB3fkiojxms35ntsTgs
11,Thunder,Imagine Dragons,1432,2017-07-28,lu,0tKcYR2II1VCQWT79i5NrW
12,Attention,Charlie Puth,1416,2017-07-28,lu,4iLqG9SeJSnt0cSPICSjxv
13,Despacito (Featuring Daddy Yankee),Luis Fonsi,1275,2017-07-28,lu,4aWmUDTfIPGksMNLV2rQP2
14,There's Nothing Holdin' Me Back,Shawn Mendes,1269,2017-07-28,lu,79cuOz3SPQTuFrp8WgftAu
15,Strip That Down,Liam Payne,1213,2017-07-28,lu,6EpRaXYhGOB3fj4V2uDkMJ
16,Your Song,Rita Ora,1158,2017-07-28,lu,4c2W3VKsOFoIg2SFaO6DY5
17,Fetish (feat. Gucci Mane),Selena Gomez,1135,2017-07-28,lu,0XLOf9LhyazPX9Ld8jPiUq
18,"Know No Better (feat. Travis Scott, Camila Cabello & Quavo)",Major Lazer,1118,2017-07-28,lu,3Ytr1SUCUi6J3L9dRFx5iH
19,There for You,Martin Garrix,1087,2017-07-28,lu,6jA8HL9i4QGzsj6fjoxp8Y
20,Something Just Like This,The Chainsmokers,1054,2017-07-28,lu,6RUKPb4LETWmmr3iAEQktW
21,XO TOUR Llif3,Lil Uzi Vert,1022,2017-07-28,lu,2eMwDehkIC1j68U6FA3Eiq
22,Believer,Imagine Dragons,1002,2017-07-28,lu,0CcQNd8CINkwQfe1RDtGV6
23,Swalla (feat. Nicki Minaj & Ty Dolla $ign),Jason Derulo,1002,2017-07-28,lu,6kex4EBAj0WHXDKZMEJaaF
Position,Track Name,Artist,Streams,date,region,spotify_id
1,Mi Gente,J Balvin,2477,2017-08-04,lu,2rb5MvYT7ZIxbKW5hfcHx8
2,Unforgettable,French Montana,2072,2017-08-04,lu,3B54sVLJ402zGa6Xm4YGNe
3,Wild Thoughts (feat. Rihanna & Bryson Tiller),DJ Khaled,1813,2017-08-04,lu,1OAh8uOEOvTDqkKFsKksCi
4,2U (feat. Justin Bieber),David Guetta,1714,2017-08-04,lu,3A7qX2QjDlPnazUsRk5y0M
5,Despacito - Remix,Luis Fonsi,1631,2017-08-04,lu,5CtI0qwDJkDQGwXD1H1cLb
6,Mama,Jonas Blue,1619,2017-08-04,lu,0NiXXAI876aGImAd6rTj8w
7,"Feels (feat. Pharrell Williams, Katy Perry & Big Sean)",Calvin Harris,1588,2017-08-04,lu,5bcTCxgc7xVfSaMV3RuVke
8,More Than You Know,Axwell /\ Ingrosso,1578,2017-08-04,lu,3PEgB3fkiojxms35ntsTgs
9,Thunder,Imagine Dragons,1458,2017-08-04,lu,0tKcYR2II1VCQWT79i5NrW
10,Shape of You,Ed Sheeran,1408,2017-08-04,lu,7qiZfU4dY1lWllzX7mPBI3
11,Attention,Charlie Puth,1355,2017-08-04,lu,4iLqG9SeJSnt0cSPICSjxv
12,"I'm the One (feat. Justin Bieber, Quavo, Chance the Rapper & Lil Wayne)",DJ Khaled,1296,2017-08-04,lu,3DXncPQOG4VBw3QHh3S817
13,Strip That Down,Liam Payne,1240,2017-08-04,lu,6EpRaXYhGOB3fj4V2uDkMJ
14,There's Nothing Holdin' Me Back,Shawn Mendes,1203,2017-08-04,lu,79cuOz3SPQTuFrp8WgftAu
15,There for You,Martin Garrix,1172,2017-08-04,lu,6jA8HL9i4QGzsj6fjoxp8Y
16,Despacito (Featuring Daddy Yankee),Luis Fonsi,1169,2017-08-04,lu,4aWmUDTfIPGksMNLV2rQP2
17,Your Song,Rita Ora,1127,2017-08-04,lu,4c2W3VKsOFoIg2SFaO6DY5
18,"Know No Better (feat. Travis Scott, Camila Cabello & Quavo)",Major Lazer,1118,2017-08-04,lu,3Ytr1SUCUi6J3L9dRFx5iH
19,Fetish (feat. Gucci Mane),Selena Gomez,1101,2017-08-04,lu,0XLOf9LhyazPX9Ld8jPiUq
20,Glorious (feat. Skylar Grey),Macklemore,1094,2017-08-04,lu,3HVr6jTVwBHBa2flM0eURR
21,New Rules,Dua Lipa,1078,2017-08-04,lu,2ekn2ttSfGqwhhate0LSR0
22,Sorry Not Sorry,Demi Lovato,1015,2017-08-04,lu,25C5CowdsfXld2jJanbiex
